web_company,job,location,job_keyword,job_type,qry_company,list_id,keywords,backup_keys,company,cid_match,maybe_cid_match,cid_match_count,maybe_cid_match_count,internship,ideal_job,ideal_count,bkup_job,bkup_count,clean_location,is_ctyst,office,office_state,position,job_descr_len,rank
3M,"HR Workforce Analytics Data Scientist (Maplewood, MN)","Maplewood, MN",quantitative finance,quant,3M,f1000_93,"['quant', 'quantitative finance', 'quantitative analyst']","['research', 'scientist', 'data', 'AI']",3M,True,False,3.0,0.0,False,False,0.0,True,1.0,"Maplewood, MN",True,Maplewood,MN,HR Workforce Analytics Data Scientist,53,1.0
Abbott Laboratories,Senior Manager - Data Analytics,"Columbus, OH 43215 (Downtown area)",quantitative finance,quant,Abbott Laboratories,f1000_134,"['quant', 'quantitative finance', 'quantitative analyst']","['research', 'scientist', 'data', 'AI']",Abbott Laboratories,True,False,6.0,0.0,False,False,0.0,True,2.0,"Columbus, OH",True,Columbus,OH,Senior Manager - Data Analytics,31,1.0
Accenture,Guidewire Business Analyst,"New York, NY 10011 (Chelsea area)",business analyst,mba,Accenture,vault_109,"['business analyst', 'financial analyst', 'project manager']","['marketing', 'analyst', 'MBA']",Accenture,True,False,27.0,0.0,False,True,12.0,False,13.0,"New York, NY",True,New York,NY,Guidewire Business Analyst,26,1.0
Acquia,"Manager, UX Research","Boston, MA",quantitative analyst,quant,Acquia,forbes_48,"['quant', 'quantitative finance', 'quantitative analyst']","['research', 'scientist', 'data', 'AI']",Acquia,True,False,1.0,0.0,False,False,0.0,True,1.0,"Boston, MA",True,Boston,MA,Manager - UX Research,20,1.0
Aetna,Lead Data Scientist - 54594BR,"Hartford, CT 06156",quantitative finance,quant,Aetna,f1000_42,"['quant', 'quantitative finance', 'quantitative analyst']","['research', 'scientist', 'data', 'AI']",Aetna,True,False,3.0,0.0,False,False,0.0,True,1.0,"Hartford, CT",True,Hartford,CT,Lead Data Scientist - 54594BR,29,1.0
AFLAC,Head of Quantitative Risk,"New York, NY",quantitative analyst,quant,Aflac,f1000_125,"['quant', 'quantitative finance', 'quantitative analyst']","['research', 'scientist', 'data', 'AI']",Aflac,True,False,10.0,0.0,False,True,1.0,False,2.0,"New York, NY",True,New York,NY,Head of Quantitative Risk,25,1.0
University HealthCare Alliance,Healthcare Data Analyst,"Oakland, CA",quantitative analyst,quant,Alliance,f1000_955,"['quant', 'quantitative finance', 'quantitative analyst']","['research', 'scientist', 'data', 'AI']",University HealthCare Alliance,False,True,0.0,16.0,False,False,0.0,True,1.0,"Oakland, CA",True,Oakland,CA,Healthcare Data Analyst,23,1.0
Allstate,Experienced Quantitative Analyst - Insurance Modeling (Remote Opportunities),"Chicago, IL 60290 (Loop area)",quantitative finance,quant,Allstate,f1000_83,"['quant', 'quantitative finance', 'quantitative analyst']","['research', 'scientist', 'data', 'AI']",Allstate,True,False,18.0,0.0,False,True,1.0,False,7.0,"Chicago, IL",True,Chicago,IL,Experienced Quantitative Analyst - Insurance Modeling,76,1.0
Ally Financial Inc.,Data Scientist,"Charlotte, NC 28217 (Olde Whitehall area)",quantitative finance,quant,Ally Financial,f1000_285,"['quant', 'quantitative finance', 'quantitative analyst']","['research', 'scientist', 'data', 'AI']",Ally Financial Inc ,False,True,0.0,18.0,False,False,0.0,True,2.0,"Charlotte, NC",True,Charlotte,NC,Data Scientist,14,1.0
Alvarez & Marsal,Systems Analyst,"New York, NY 10022 (Midtown area)",business analyst,mba,Alvarez & Marsal,vault_119,"['business analyst', 'financial analyst', 'project manager']","['marketing', 'analyst', 'MBA']",Alvarez & Marsal,True,False,24.0,0.0,False,False,0.0,True,8.0,"New York, NY",True,New York,NY,Systems Analyst,15,1.0
Amazon.com,Data Scientist,"Seattle, WA",quantitative analyst,quant,Amazon,f1000_11,"['quant', 'quantitative finance', 'quantitative analyst']","['research', 'scientist', 'data', 'AI']",Amazon com,False,True,0.0,19.0,False,False,0.0,True,4.0,"Seattle, WA",True,Seattle,WA,Data Scientist,14,1.0
American Express,Analyst-Compliance - Financial Crimes Research Scientist,"New York, NY",quantitative analyst,quant,American Express,f1000_85,"['quant', 'quantitative finance', 'quantitative analyst']","['research', 'scientist', 'data', 'AI']",American Express,True,False,17.0,1.0,False,False,0.0,True,3.0,"New York, NY",True,New York,NY,Analyst-Compliance - Financial Crimes Research Scientist,56,1.0
American Greetings,Quantitative Analyst I,"Westlake, OH 44145",quantitative analyst,quant,American Greetings,f1000_964,"['quant', 'quantitative finance', 'quantitative analyst']","['research', 'scientist', 'data', 'AI']",American Greetings,True,False,5.0,0.0,False,True,1.0,False,0.0,"Westlake, OH",True,Westlake,OH,Quantitative Analyst I,22,1.0
Amgen,Core Data Scientist,"Thousand Oaks, CA 91320",quantitative finance,quant,Amgen,f1000_122,"['quant', 'quantitative finance', 'quantitative analyst']","['research', 'scientist', 'data', 'AI']",Amgen,True,False,8.0,0.0,False,False,0.0,True,1.0,"Thousand Oaks, CA",True,Thousand Oaks,CA,Core Data Scientist,19,1.0
Systems Planning and Analysis,UWSD18-406: Financial Analyst II,"Pensacola, FL",financial analyst,mba,Analysis,vault_118,"['business analyst', 'financial analyst', 'project manager']","['marketing', 'analyst', 'MBA']",Systems Planning and Analysis,False,True,0.0,27.0,False,True,3.0,False,19.0,"Pensacola, FL",True,Pensacola,FL,UWSD18-406 Financial Analyst II,32,1.0
Apple,Data Analyst,"Austin, TX",quantitative finance,quant,Apple,f1000_2,"['quant', 'quantitative finance', 'quantitative analyst']","['research', 'scientist', 'data', 'AI']",Apple,True,False,18.0,0.0,False,False,0.0,True,8.0,"Austin, TX",True,Austin,TX,Data Analyst,12,1.0
Atlassian,Program Manager for Data Center Customer Retention,"San Francisco, CA 94110 (Mission area)",quantitative analyst,quant,Atlassian,nasdaq_TEAM,"['quant', 'quantitative finance', 'quantitative analyst']","['research', 'scientist', 'data', 'AI']",Atlassian,True,False,1.0,0.0,False,False,0.0,True,1.0,"San Francisco, CA",True,San Francisco,CA,Program Manager for Data Center Customer Retention,50,1.0
BAIN & COMPANY,Agile Project Manager,"Boston, MA 02116 (South End area)",project manager,mba,Bain & Company,vault_101,"['business analyst', 'financial analyst', 'project manager']","['marketing', 'analyst', 'MBA']",Bain & Company,True,False,6.0,0.0,False,True,1.0,False,1.0,"Boston, MA",True,Boston,MA,Agile Project Manager,21,1.0
Robert W. Baird,Financial Analyst - FP&A,"Milwaukee, WI",financial analyst,mba,Baird,vault_185,"['business analyst', 'financial analyst', 'project manager']","['marketing', 'analyst', 'MBA']",Robert W Baird,False,True,0.0,27.0,False,True,1.0,False,14.0,"Milwaukee, WI",True,Milwaukee,WI,Financial Analyst - FP&A,24,1.0
Bank of America,Quantitative Analyst II,"Charlotte, NC 28255 (Wilmore area)",quantitative analyst,quant,Bank of America,f1000_25,"['quant', 'quantitative finance', 'quantitative analyst']","['research', 'scientist', 'data', 'AI']",Bank of America,True,False,26.0,0.0,False,True,14.0,False,0.0,"Charlotte, NC",True,Charlotte,NC,Quantitative Analyst II,23,1.0
Becton Dickinson & Company,Senior Manager Data Science,"San Diego, CA",quantitative analyst,quant,Becton Dickinson,f1000_224,"['quant', 'quantitative finance', 'quantitative analyst']","['research', 'scientist', 'data', 'AI']",Becton Dickinson & Company,False,True,0.0,5.0,False,False,0.0,True,1.0,"San Diego, CA",True,San Diego,CA,Senior Manager Data Science,27,1.0
BlackRock,Index and Data Relationship Manager,"New York, NY 10055 (Midtown area)",quantitative finance,quant,BlackRock,f1000_254,"['quant', 'quantitative finance', 'quantitative analyst']","['research', 'scientist', 'data', 'AI']",BlackRock,True,False,8.0,0.0,False,False,0.0,True,1.0,"New York, NY",True,New York,NY,Index and Data Relationship Manager,35,1.0
Blizzard Entertainment,"Analyst, Business Data Platform","Irvine, CA 92623",quantitative finance,quant,Blizzard Entertainment,glassdoor_91,"['quant', 'quantitative finance', 'quantitative analyst']","['research', 'scientist', 'data', 'AI']",Blizzard Entertainment,True,False,4.0,0.0,False,False,0.0,True,2.0,"Irvine, CA",True,Irvine,CA,Analyst - Business Data Platform,31,1.0
BOEING,Corporate Citizenship Data Analyst,"Chicago, IL 60606-1596",quantitative analyst,quant,Boeing,f1000_23,"['quant', 'quantitative finance', 'quantitative analyst']","['research', 'scientist', 'data', 'AI']",Boeing,True,False,4.0,0.0,False,False,0.0,True,1.0,"Chicago, IL",True,Chicago,IL,Corporate Citizenship Data Analyst,34,1.0
Booz Allen Hamilton,"Data Analyst, Mid","Buckley AFB, CO",quantitative analyst,quant,Booz Allen Hamilton,f1000_480,"['quant', 'quantitative finance', 'quantitative analyst']","['research', 'scientist', 'data', 'AI']",Booz Allen Hamilton,True,False,9.0,0.0,False,False,0.0,True,3.0,"Buckley AFB, CO",True,Buckley AFB,CO,Data Analyst - Mid,17,1.0
Brown Brothers Harriman,Finance Business Analyst II,"New York, NY",business analyst,mba,Brown Brothers Harriman,vault_199,"['business analyst', 'financial analyst', 'project manager']","['marketing', 'analyst', 'MBA']",Brown Brothers Harriman,True,False,27.0,0.0,False,True,2.0,False,13.0,"New York, NY",True,New York,NY,Finance Business Analyst II,27,1.0
CACI,Sr. Navy/USMC AIS Analyst,"San Diego, CA 92155",quantitative analyst,quant,CACI,f1000_614,"['quant', 'quantitative finance', 'quantitative analyst']","['research', 'scientist', 'data', 'AI']",CACI,True,False,16.0,0.0,False,False,0.0,True,1.0,"San Diego, CA",True,San Diego,CA,Sr Navy/USMC AIS Analyst,25,1.0
CBRE,Data Analyst,"Cincinnati, OH 45202 (Mount Adams area)",quantitative analyst,quant,CBRE,f1000_213,"['quant', 'quantitative finance', 'quantitative analyst']","['research', 'scientist', 'data', 'AI']",CBRE,True,False,18.0,0.0,False,False,0.0,True,9.0,"Cincinnati, OH",True,Cincinnati,OH,Data Analyst,12,1.0
CIT Group,"VP, Quantitative Liquidity Management","Pasadena, CA 91103",quantitative finance,quant,CIT,f1000_549,"['quant', 'quantitative finance', 'quantitative analyst']","['research', 'scientist', 'data', 'AI']",CIT Group,False,True,0.0,5.0,False,True,2.0,False,0.0,"Pasadena, CA",True,Pasadena,CA,VP - Quantitative Liquidity Management,37,1.0
CVS Health,"Analytics, Data Engineer","Woonsocket, RI",quantitative analyst,quant,CVS Health,f1000_6,"['quant', 'quantitative finance', 'quantitative analyst']","['research', 'scientist', 'data', 'AI']",CVS Health,True,False,18.0,0.0,False,False,0.0,True,4.0,"Woonsocket, RI",True,Woonsocket,RI,Analytics - Data Engineer,24,1.0
CarGurus,Senior Product Data Analyst,"Cambridge, MA 02138 (West Cambridge area)",quantitative finance,quant,CarGurus,nasdaq_CARG,"['quant', 'quantitative finance', 'quantitative analyst']","['research', 'scientist', 'data', 'AI']",CarGurus,True,False,4.0,0.0,False,False,0.0,True,4.0,"Cambridge, MA",True,Cambridge,MA,Senior Product Data Analyst,27,1.0
CarMax,Sr. Data Scientist,"Richmond, VA 23237",quantitative analyst,quant,CarMax,f1000_173,"['quant', 'quantitative finance', 'quantitative analyst']","['research', 'scientist', 'data', 'AI']",CarMax,True,False,6.0,0.0,False,False,0.0,True,1.0,"Richmond, VA",True,Richmond,VA,Sr Data Scientist,18,1.0
Castlight Health,Data Engineer,"San Francisco, CA 94105 (Financial District area)",quantitative analyst,quant,Castlight Health,nasdaq_CSLT,"['quant', 'quantitative finance', 'quantitative analyst']","['research', 'scientist', 'data', 'AI']",Castlight Health,True,False,2.0,0.0,False,False,0.0,True,1.0,"San Francisco, CA",True,San Francisco,CA,Data Engineer,13,1.0
Cengage,Associate Research Manager,"Boston, MA",quantitative finance,quant,Cengage,glassdoor_90,"['quant', 'quantitative finance', 'quantitative analyst']","['research', 'scientist', 'data', 'AI']",Cengage,True,False,5.0,0.0,False,False,0.0,True,1.0,"Boston, MA",True,Boston,MA,Associate Research Manager,26,1.0
Centene Corporation,Data Scientist III,"Arlington, VA",quantitative analyst,quant,Centene,f1000_65,"['quant', 'quantitative finance', 'quantitative analyst']","['research', 'scientist', 'data', 'AI']",Centene Corporation,False,True,0.0,6.0,False,False,0.0,True,2.0,"Arlington, VA",True,Arlington,VA,Data Scientist III,18,1.0
CenturyLink,Director Data Sciences and Analytics,"Broomfield, CO 80021",quantitative finance,quant,CenturyLink,f1000_159,"['quant', 'quantitative finance', 'quantitative analyst']","['research', 'scientist', 'data', 'AI']",CenturyLink,True,False,3.0,0.0,False,False,0.0,True,2.0,"Broomfield, CO",True,Broomfield,CO,Director Data Sciences and Analytics,36,1.0
Charles Schwab,Quantitative Analyst/Senior Quantitative Analyst,"Chicago, IL 60601 (Loop area)",quantitative analyst,quant,Charles Schwab,f1000_356,"['quant', 'quantitative finance', 'quantitative analyst']","['research', 'scientist', 'data', 'AI']",Charles Schwab,True,False,13.0,0.0,False,True,1.0,False,3.0,"Chicago, IL",True,Chicago,IL,Quantitative Analyst/Senior Quantitative Analyst,48,1.0
Church & Dwight,"Senior Manager, Market Research","Ewing, NJ",quantitative finance,quant,Church & Dwight,f1000_651,"['quant', 'quantitative finance', 'quantitative analyst']","['research', 'scientist', 'data', 'AI']",Church & Dwight,True,False,1.0,0.0,False,False,0.0,True,1.0,"Ewing, NJ",True,Ewing,NJ,Senior Manager - Market Research,31,1.0
ClearView Healthcare Partners,Life Sciences Strategy Analyst (Experienced Professional),"Newton, MA",business analyst,mba,ClearView Healthcare Partners,vault_123,"['business analyst', 'financial analyst', 'project manager']","['marketing', 'analyst', 'MBA']",ClearView Healthcare Partners,True,False,2.0,0.0,False,False,0.0,True,2.0,"Newton, MA",True,Newton,MA,Life Sciences Strategy Analyst,57,1.0
The Coca-Cola Company,Contour Supply Chain - Data Enablement Lead,"Atlanta, GA 30301 (Buckhead area)",quantitative finance,quant,Coca-Cola,f1000_63,"['quant', 'quantitative finance', 'quantitative analyst']","['research', 'scientist', 'data', 'AI']",The Coca-Cola Company,False,True,0.0,15.0,False,False,0.0,True,1.0,"Atlanta, GA",True,Atlanta,GA,Contour Supply Chain - Data Enablement Lead,43,1.0
Comcast,Advertising Research Analyst,"Quincy, MA 02169",quantitative analyst,quant,Comcast,f1000_30,"['quant', 'quantitative finance', 'quantitative analyst']","['research', 'scientist', 'data', 'AI']",Comcast,True,False,18.0,0.0,False,False,0.0,True,3.0,"Quincy, MA",True,Quincy,MA,Advertising Research Analyst,28,1.0
"Blue Compass, LLC",Data Scientist/Statistician,"Tysons Corner, VA",quantitative analyst,quant,Compass,glassdoor_81,"['quant', 'quantitative finance', 'quantitative analyst']","['research', 'scientist', 'data', 'AI']",Blue Compass LLC,False,True,0.0,17.0,False,False,0.0,True,2.0,"Tysons Corner, VA",True,Tysons Corner,VA,Data Scientist/Statistician,27,1.0
Cooper Tire & Rubber Company,Quality Statistical Data Analyst,"Findlay, OH 45840",quantitative analyst,quant,Cooper,f1000_947,"['quant', 'quantitative finance', 'quantitative analyst']","['research', 'scientist', 'data', 'AI']",Cooper Tire & Rubber Company,False,True,0.0,3.0,False,False,0.0,True,1.0,"Findlay, OH",True,Findlay,OH,Quality Statistical Data Analyst,32,1.0
Coty Inc.,"e-Data Analyst, Luxury Portfolio","New York, NY",quantitative finance,quant,Coty,f1000_557,"['quant', 'quantitative finance', 'quantitative analyst']","['research', 'scientist', 'data', 'AI']",Coty Inc ,False,True,0.0,17.0,False,False,0.0,True,3.0,"New York, NY",True,New York,NY,e-Data Analyst - Luxury Portfolio,32,1.0
"Cowen, Inc",Credit Analyst,"New York, NY 10019 (Midtown area)",business analyst,mba,Cowen,vault_166,"['business analyst', 'financial analyst', 'project manager']","['marketing', 'analyst', 'MBA']",Cowen Inc,False,True,0.0,8.0,False,False,0.0,True,2.0,"New York, NY",True,New York,NY,Credit Analyst,14,1.0
Credit Karma,"Senior Director, Data Science","San Francisco, CA 94104 (Financial District area)",quantitative finance,quant,Credit Karma,bi_0,"['quant', 'quantitative finance', 'quantitative analyst']","['research', 'scientist', 'data', 'AI']",Credit Karma,True,False,4.0,0.0,False,False,0.0,True,1.0,"San Francisco, CA",True,San Francisco,CA,Senior Director - Data Science,29,1.0
Credit Suisse,Business Analyst,"Raleigh, NC",business analyst,mba,Credit Suisse,vault_170,"['business analyst', 'financial analyst', 'project manager']","['marketing', 'analyst', 'MBA']",Credit Suisse,True,False,27.0,0.0,False,True,8.0,False,14.0,"Raleigh, NC",True,Raleigh,NC,Business Analyst,16,1.0
Crowe,Data Scientist - Applied Technology,"Indianapolis, IN 46240",machine learning,data_science,Crowe,vault_208,"['data scientist', 'machine learning']","['research', 'scientist', 'data', 'AI']",Crowe,True,False,5.0,0.0,False,True,2.0,False,0.0,"Indianapolis, IN",True,Indianapolis,IN,Data Scientist - Applied Technology,35,1.0
DISH Network,Data Analyst,"Englewood, CO 80113",quantitative analyst,quant,DISH Network,f1000_185,"['quant', 'quantitative finance', 'quantitative analyst']","['research', 'scientist', 'data', 'AI']",DISH Network,True,False,11.0,0.0,False,False,0.0,True,1.0,"Englewood, CO",True,Englewood,CO,Data Analyst,12,1.0
DaVita Medical Group,Data Analyst,"Denver, CO 80202 (Lodo area)",quantitative finance,quant,DaVita,f1000_180,"['quant', 'quantitative finance', 'quantitative analyst']","['research', 'scientist', 'data', 'AI']",DaVita Medical Group,False,True,6.0,12.0,False,False,0.0,True,3.0,"Denver, CO",True,Denver,CO,Data Analyst,12,1.0
Dana-Farber Cancer Institute,Mgr Research Operations,"Boston, MA 02115 (Fenway-Kenmore area)",quantitative finance,quant,Dana,f1000_446,"['quant', 'quantitative finance', 'quantitative analyst']","['research', 'scientist', 'data', 'AI']",Dana-Farber Cancer Institute,False,True,0.0,4.0,False,False,0.0,True,1.0,"Boston, MA",True,Boston,MA,Mgr Research Operations,23,1.0
Deloitte,Data Scientist,"Washington, DC",data scientist,data_science,Deloitte,vault_203,"['data scientist', 'machine learning']","['research', 'scientist', 'data', 'AI']",Deloitte,True,False,18.0,0.0,False,True,11.0,False,3.0,"Washington, DC",True,Washington,DC,Data Scientist,14,1.0
Discover Financial Services,Principal Data Analyst,"Riverwoods, IL",quantitative analyst,quant,Discover Financial Services,f1000_276,"['quant', 'quantitative finance', 'quantitative analyst']","['research', 'scientist', 'data', 'AI']",Discover Financial Services,True,False,18.0,0.0,False,False,0.0,True,2.0,"Riverwoods, IL",True,Riverwoods,IL,Principal Data Analyst,22,1.0
"Discovery Communications, LLC",Senior Manager- Data Science,"New York, NY 10022 (Midtown area)",quantitative finance,quant,Discovery Communications,f1000_411,"['quant', 'quantitative finance', 'quantitative analyst']","['research', 'scientist', 'data', 'AI']",Discovery Communications LLC,False,True,0.0,6.0,False,False,0.0,True,1.0,"New York, NY",True,New York,NY,Senior Manager - Data Science,28,1.0
DocuSign,"Director, Product Data Science","San Francisco, CA 94105 (Financial District area)",quantitative finance,quant,DocuSign,nasdaq_DOCU,"['quant', 'quantitative finance', 'quantitative analyst']","['research', 'scientist', 'data', 'AI']",DocuSign,True,False,8.0,0.0,False,False,0.0,True,1.0,"San Francisco, CA",True,San Francisco,CA,Director - Product Data Science,30,1.0
Dropbox,Data Analyst - Growth,"San Francisco, CA 94102 (Downtown area)",quantitative finance,quant,Dropbox,nasdaq_DBX,"['quant', 'quantitative finance', 'quantitative analyst']","['research', 'scientist', 'data', 'AI']",Dropbox,True,False,14.0,0.0,False,False,0.0,True,2.0,"San Francisco, CA",True,San Francisco,CA,Data Analyst - Growth,21,1.0
EY,Senior Business Analyst,"Nashville, TN",business analyst,mba,EY,vault_198,"['business analyst', 'financial analyst', 'project manager']","['marketing', 'analyst', 'MBA']",EY,True,False,27.0,0.0,False,True,2.0,False,13.0,"Nashville, TN",True,Nashville,TN,Senior Business Analyst,23,1.0
Engility,Data Analyst (TS/SCI with Polygraph),"Chantilly, VA 20151",quantitative analyst,quant,Engility,f1000_914,"['quant', 'quantitative finance', 'quantitative analyst']","['research', 'scientist', 'data', 'AI']",Engility,True,False,9.0,0.0,False,False,0.0,True,1.0,"Chantilly, VA",True,Chantilly,VA,Data Analyst,36,1.0
Equifax,Data Scientist,"Atlanta, GA 30309 (Midtown area)",quantitative analyst,quant,Equifax,f1000_702,"['quant', 'quantitative finance', 'quantitative analyst']","['research', 'scientist', 'data', 'AI']",Equifax,True,False,16.0,0.0,False,False,0.0,True,3.0,"Atlanta, GA",True,Atlanta,GA,Data Scientist,14,1.0
Equity Residential,Data Scientist,"Chicago, IL 60606 (Loop area)",quantitative finance,quant,Equity Residential,f1000_824,"['quant', 'quantitative finance', 'quantitative analyst']","['research', 'scientist', 'data', 'AI']",Equity Residential,True,False,1.0,0.0,False,False,0.0,True,1.0,"Chicago, IL",True,Chicago,IL,Data Scientist,14,1.0
Exelon,Sr Quantitative Analyst,"Baltimore, MD",quantitative finance,quant,Exelon,f1000_88,"['quant', 'quantitative finance', 'quantitative analyst']","['research', 'scientist', 'data', 'AI']",Exelon,True,False,6.0,0.0,False,True,1.0,False,1.0,"Baltimore, MD",True,Baltimore,MD,Sr Quantitative Analyst,23,1.0
"S.F.EXPRESS CO.,LTD.",Market Research Analyst,"Hawthorne, CA",quantitative analyst,quant,Express,f1000_892,"['quant', 'quantitative finance', 'quantitative analyst']","['research', 'scientist', 'data', 'AI']",S F Express Co Ltd ,False,True,0.0,18.0,False,False,0.0,True,6.0,"Hawthorne, CA",True,Hawthorne,CA,Market Research Analyst,23,1.0
"FTI Consulting, Inc.","Senior Consultant, Data & Analytics","Chicago, IL 60606 (Loop area)",quantitative finance,quant,FTI Consulting,f1000_994,"['quant', 'quantitative finance', 'quantitative analyst']","['research', 'scientist', 'data', 'AI']",FTI Consulting Inc ,False,True,0.0,10.0,False,False,0.0,True,1.0,"Chicago, IL",True,Chicago,IL,Senior Consultant - Data & Analytics,35,1.0
Facebook,Quantitative UX Researcher,"Seattle, WA 98101 (Downtown area)",quantitative analyst,quant,Facebook,f1000_97,"['quant', 'quantitative finance', 'quantitative analyst']","['research', 'scientist', 'data', 'AI']",Facebook,True,False,18.0,0.0,False,True,1.0,False,6.0,"Seattle, WA",True,Seattle,WA,Quantitative UX Researcher,26,1.0
Fannie Mae,Quantitative Modeler,"Washington, DC 20022 (Brentwood area)",quantitative finance,quant,Fannie Mae,f1000_19,"['quant', 'quantitative finance', 'quantitative analyst']","['research', 'scientist', 'data', 'AI']",Fannie Mae,True,False,10.0,0.0,False,True,1.0,False,2.0,"Washington, DC",True,Washington,DC,Quantitative Modeler,20,1.0
Fifth Third Bank,Quant Analyst II.,"Chicago, IL 60601 (Loop area)",quant,quant,Fifth Third Bank,f1000_388,"['quant', 'quantitative finance', 'quantitative analyst']","['research', 'scientist', 'data', 'AI']",Fifth Third Bank,True,False,16.0,0.0,False,True,8.0,False,0.0,"Chicago, IL",True,Chicago,IL,Quant Analyst II,17,1.0
First Republic Bank,Quantitative Analyst,"San Francisco, CA 94104 (Financial District area)",quantitative finance,quant,First Republic Bank,f1000_841,"['quant', 'quantitative finance', 'quantitative analyst']","['research', 'scientist', 'data', 'AI']",First Republic Bank,True,False,13.0,0.0,False,True,3.0,False,4.0,"San Francisco, CA",True,San Francisco,CA,Quantitative Analyst,20,1.0
Ford Motor Company,"Quantitative Analyst/Statistician, Data Science","Dearborn, MI 48126",quantitative analyst,quant,Ford Motor,f1000_9,"['quant', 'quantitative finance', 'quantitative analyst']","['research', 'scientist', 'data', 'AI']",Ford Motor Company,False,True,0.0,10.0,False,True,1.0,False,6.0,"Dearborn, MI",True,Dearborn,MI,Quantitative Analyst/Statistician - Data Science,47,1.0
Freddie Mac,Quantitative Analytics Senior,"McLean, VA 22102",quantitative finance,quant,Freddie Mac,f1000_38,"['quant', 'quantitative finance', 'quantitative analyst']","['research', 'scientist', 'data', 'AI']",Freddie Mac,True,False,19.0,0.0,False,True,8.0,False,1.0,"McLean, VA",True,McLean,VA,Quantitative Analytics Senior,29,1.0
Frontier Communications Corporation,Senior Data Scientist,"Norwalk, CT 06851",quantitative analyst,quant,Frontier Communications,f1000_312,"['quant', 'quantitative finance', 'quantitative analyst']","['research', 'scientist', 'data', 'AI']",Frontier Communications Corporation,False,True,0.0,1.0,False,False,0.0,True,1.0,"Norwalk, CT",True,Norwalk,CT,Senior Data Scientist,21,1.0
"GAP Solutions, Inc.",Scientific Program Analyst - Vaccine Research,"Rockville, MD 20852",quantitative analyst,quant,Gap,f1000_177,"['quant', 'quantitative finance', 'quantitative analyst']","['research', 'scientist', 'data', 'AI']",GAP Solutions Inc ,False,True,0.0,13.0,False,False,0.0,True,2.0,"Rockville, MD",True,Rockville,MD,Scientific Program Analyst - Vaccine Research,45,1.0
Gartner,"Sr. Director, Quantitative Analytics - FLORS","Arlington, VA 22203 (Bluemont area)",quantitative finance,quant,Gartner,f1000_820,"['quant', 'quantitative finance', 'quantitative analyst']","['research', 'scientist', 'data', 'AI']",Gartner,True,False,17.0,0.0,False,True,2.0,False,5.0,"Arlington, VA",True,Arlington,VA,Sr Director - Quantitative Analytics - FLORS,44,1.0
GEICO,Data Analyst,"Chevy Chase, MD",quantitative analyst,quant,Geico,f1000_1,"['quant', 'quantitative finance', 'quantitative analyst']","['research', 'scientist', 'data', 'AI']",Geico,True,False,7.0,0.0,False,False,0.0,True,2.0,"Chevy Chase, MD",True,Chevy Chase,MD,Data Analyst,12,1.0
General Electric,Senior Data Scientist,"Boston, MA 02212 (Central area)",quantitative analyst,quant,General Electric,f1000_12,"['quant', 'quantitative finance', 'quantitative analyst']","['research', 'scientist', 'data', 'AI']",General Electric,True,False,14.0,0.0,False,False,0.0,True,2.0,"Boston, MA",True,Boston,MA,Senior Data Scientist,21,1.0
Glu Mobile,Senior Data Analyst,"San Francisco, CA",quantitative analyst,quant,Glu Mobile,nasdaq_GLUU,"['quant', 'quantitative finance', 'quantitative analyst']","['research', 'scientist', 'data', 'AI']",Glu Mobile,True,False,2.0,0.0,False,False,0.0,True,1.0,"San Francisco, CA",True,San Francisco,CA,Senior Data Analyst,19,1.0
GoDaddy,Data Scientist - Statistical Modeling and Inference,"Gilbert, AZ",quantitative finance,quant,GoDaddy,f1000_979,"['quant', 'quantitative finance', 'quantitative analyst']","['research', 'scientist', 'data', 'AI']",GoDaddy,True,False,8.0,0.0,False,False,0.0,True,1.0,"Gilbert, AZ",True,Gilbert,AZ,Data Scientist - Statistical Modeling and Inference,51,1.0
Goldman Sachs,Quant Developer – FICC SMM,"New York, NY 10282 (Tribeca area)",quant,quant,Goldman Sachs,f1000_77,"['quant', 'quantitative finance', 'quantitative analyst']","['research', 'scientist', 'data', 'AI']",Goldman Sachs,True,False,27.0,0.0,False,True,6.0,False,3.0,"New York, NY",True,New York,NY,Quant Developer FICC SMM,26,1.0
Google,"Data Scientist/Quantitative Analyst, Revenue Strategy and Operations","Redwood City, CA 94063",quantitative analyst,quant,Google,glassdoor_57,"['quant', 'quantitative finance', 'quantitative analyst']","['research', 'scientist', 'data', 'AI']",Google,True,False,19.0,0.0,False,True,2.0,False,5.0,"Redwood City, CA",True,Redwood City,CA,Data Scientist/Quantitative Analyst - Revenue Strategy and Operations,68,1.0
Grand Rounds,Data Science Manager,"San Francisco, CA 94107 (South Of Market area)",quantitative analyst,quant,Grand Rounds,glassdoor_17,"['quant', 'quantitative finance', 'quantitative analyst']","['research', 'scientist', 'data', 'AI']",Grand Rounds,True,False,5.0,0.0,False,False,0.0,True,2.0,"San Francisco, CA",True,San Francisco,CA,Data Science Manager,20,1.0
Grant Thornton,Data Scientist,"Washington, DC 20036 (Downtown area)",machine learning,data_science,Grant Thornton,vault_205,"['data scientist', 'machine learning']","['research', 'scientist', 'data', 'AI']",Grant Thornton,True,False,11.0,0.0,False,True,4.0,False,4.0,"Washington, DC",True,Washington,DC,Data Scientist,14,1.0
Groupon,"Senior Manager, Paid Marketing Data Science & Analytics","Seattle, WA 98101 (Downtown area)",quantitative analyst,quant,Groupon,f1000_703,"['quant', 'quantitative finance', 'quantitative analyst']","['research', 'scientist', 'data', 'AI']",Groupon,True,False,8.0,0.0,False,False,0.0,True,1.0,"Seattle, WA",True,Seattle,WA,Senior Manager - Paid Marketing Data Science & Analytics,55,1.0
The Home Depot,"Senior Analyst, Data Science Online","Atlanta, GA",quantitative finance,quant,Home Depot,f1000_22,"['quant', 'quantitative finance', 'quantitative analyst']","['research', 'scientist', 'data', 'AI']",The Home Depot,False,True,0.0,18.0,False,False,0.0,True,5.0,"Atlanta, GA",True,Atlanta,GA,Senior Analyst - Data Science Online,35,1.0
Houlihan Lokey,Financial Analyst - Portfolio Valuations (Derivatives),"New York, NY 10167 (Midtown area)",financial analyst,mba,Houlihan Lokey,vault_162,"['business analyst', 'financial analyst', 'project manager']","['marketing', 'analyst', 'MBA']",Houlihan Lokey,True,False,22.0,0.0,False,True,3.0,False,4.0,"New York, NY",True,New York,NY,Financial Analyst - Portfolio Valuations,54,1.0
HubSpot,Senior Finance Data Analyst,"Boston, MA",quantitative analyst,quant,HubSpot,nasdaq_HUBS,"['quant', 'quantitative finance', 'quantitative analyst']","['research', 'scientist', 'data', 'AI']",HubSpot,True,False,5.0,0.0,False,False,0.0,True,1.0,"Boston, MA",True,Boston,MA,Senior Finance Data Analyst,27,1.0
Humana,Principal Data Scientist,"Louisville, KY 40229",quantitative analyst,quant,Humana,f1000_52,"['quant', 'quantitative finance', 'quantitative analyst']","['research', 'scientist', 'data', 'AI']",Humana,True,False,12.0,0.0,False,False,0.0,True,5.0,"Louisville, KY",True,Louisville,KY,Principal Data Scientist,24,1.0
IHS Markit,Snr. Data Scientist,"Englewood, CO",quantitative analyst,quant,IHS Markit,nasdaq_INFO,"['quant', 'quantitative finance', 'quantitative analyst']","['research', 'scientist', 'data', 'AI']",IHS Markit,True,False,10.0,0.0,False,False,0.0,True,4.0,"Englewood, CO",True,Englewood,CO,Snr Data Scientist,19,1.0
INTL FCStone,Data Business Analyst,"Chicago, IL",quantitative finance,quant,INTL FCStone,f1000_188,"['quant', 'quantitative finance', 'quantitative analyst']","['research', 'scientist', 'data', 'AI']",INTL FCStone,True,False,6.0,0.0,False,False,0.0,True,1.0,"Chicago, IL",True,Chicago,IL,Data Business Analyst,21,1.0
Inovalon,"Analyst, Financial and Quantitative Analytics","Bowie, MD 20715",quantitative analyst,quant,Inovalon,nasdaq_INOV,"['quant', 'quantitative finance', 'quantitative analyst']","['research', 'scientist', 'data', 'AI']",Inovalon,True,False,9.0,4.0,False,True,6.0,False,4.0,"Bowie, MD",True,Bowie,MD,Analyst - Financial and Quantitative Analytics,45,1.0
Intercom,Senior Data Analyst,"San Francisco, CA",quantitative finance,quant,Intercom,forbes_19,"['quant', 'quantitative finance', 'quantitative analyst']","['research', 'scientist', 'data', 'AI']",Intercom,True,False,2.0,0.0,False,False,0.0,True,1.0,"San Francisco, CA",True,San Francisco,CA,Senior Data Analyst,19,1.0
International Paper,"HR Reporting, Analytics, and Data Integrity Management Analyst","Memphis, TN 38197 (River Oaks-Kirby-Balmoral area)",quantitative analyst,quant,International Paper,f1000_132,"['quant', 'quantitative finance', 'quantitative analyst']","['research', 'scientist', 'data', 'AI']",International Paper,True,False,1.0,0.0,False,False,0.0,True,4.0,"Memphis, TN",True,Memphis,TN,HR Reporting - Analytics - and Data Integrity Management Analyst,62,1.0
Intuit,"Principal Quantitative Policy Lead, Financial Risk","Mountain View, CA 94039",quant,quant,Intuit,f1000_526,"['quant', 'quantitative finance', 'quantitative analyst']","['research', 'scientist', 'data', 'AI']",Intuit,True,False,19.0,0.0,False,True,3.0,False,11.0,"Mountain View, CA",True,Mountain View,CA,Principal Quantitative Policy Lead - Financial Risk,50,1.0
Jabil Circuit,Sr. Manager HR Data and Analytics,"Saint Petersburg, FL 33716",quantitative analyst,quant,Jabil,f1000_151,"['quant', 'quantitative finance', 'quantitative analyst']","['research', 'scientist', 'data', 'AI']",Jabil Circuit,False,True,0.0,4.0,False,False,0.0,True,1.0,"Saint Petersburg, FL",True,Saint Petersburg,FL,Sr Manager HR Data and Analytics,33,1.0
"Jefferies & Company, Inc.",Legal and Compliance Analyst - Jefferies Finance,"New York, NY 10162 (Upper East Side area)",business analyst,mba,Jefferies,vault_174,"['business analyst', 'financial analyst', 'project manager']","['marketing', 'analyst', 'MBA']",Jefferies & Company Inc ,False,True,0.0,22.0,False,False,0.0,True,10.0,"New York, NY",True,New York,NY,Legal and Compliance Analyst - Jefferies Finance,48,1.0
JetBlue Airways Corporation,Senior Analyst Data Cust Relation Mgmt,"Long Island City, NY",quantitative analyst,quant,JetBlue Airways,f1000_402,"['quant', 'quantitative finance', 'quantitative analyst']","['research', 'scientist', 'data', 'AI']",JetBlue Airways Corporation,False,True,0.0,17.0,False,False,0.0,True,1.0,"Long Island City, NY",True,Long Island City,NY,Senior Analyst Data Cust Relation Mgmt,38,1.0
Johnson & Johnson Family of Companies,SENIOR MANAGER RD DATA AND ANALYTICS,"West Chester, PA",quantitative analyst,quant,Johnson & Johnson,f1000_34,"['quant', 'quantitative finance', 'quantitative analyst']","['research', 'scientist', 'data', 'AI']",Johnson & Johnson Family of Companies,False,True,0.0,14.0,False,False,0.0,True,3.0,"West Chester, PA",True,West Chester,PA,SENIOR MANAGER RD DATA AND ANALYTICS,36,1.0
KPMG,Financial Analyst,"Montvale, NJ 07645",financial analyst,mba,KPMG,vault_111,"['business analyst', 'financial analyst', 'project manager']","['marketing', 'analyst', 'MBA']",KPMG,True,False,27.0,0.0,False,True,6.0,False,8.0,"Montvale, NJ",True,Montvale,NJ,Financial Analyst,17,1.0
Kaiser Permanente,Marketing Sr. Data Analyst,"Burbank, CA",quantitative analyst,quant,Kaiser Permanente,glassdoor_147,"['quant', 'quantitative finance', 'quantitative analyst']","['research', 'scientist', 'data', 'AI']",Kaiser Permanente,True,False,10.0,0.0,False,False,0.0,True,2.0,"Burbank, CA",True,Burbank,CA,Marketing Sr Data Analyst,26,1.0
Kemper,Senior Data Scientist,"Chicago, IL",quantitative analyst,quant,Kemper,f1000_802,"['quant', 'quantitative finance', 'quantitative analyst']","['research', 'scientist', 'data', 'AI']",Kemper,True,False,2.0,0.0,False,False,0.0,True,1.0,"Chicago, IL",True,Chicago,IL,Senior Data Scientist,21,1.0
Kraft Heinz Company,Sr Data Engineer,"Chicago, IL",quantitative analyst,quant,Kraft Heinz,f1000_105,"['quant', 'quantitative finance', 'quantitative analyst']","['research', 'scientist', 'data', 'AI']",Kraft Heinz Company,False,True,0.0,9.0,False,False,0.0,True,3.0,"Chicago, IL",True,Chicago,IL,Sr Data Engineer,16,1.0
LPL Financial,"AVP, Research","San Diego, CA",quantitative analyst,quant,LPL Financial,f1000_583,"['quant', 'quantitative finance', 'quantitative analyst']","['research', 'scientist', 'data', 'AI']",LPL Financial,True,False,5.0,0.0,False,False,0.0,True,2.0,"San Diego, CA",True,San Diego,CA,AVP - Research,13,1.0
Laureate Education,Data Analyst,"Columbia, MD",quantitative analyst,quant,Laureate Education,f1000_570,"['quant', 'quantitative finance', 'quantitative analyst']","['research', 'scientist', 'data', 'AI']",Laureate Education,True,False,1.0,0.0,False,False,0.0,True,1.0,"Columbia, MD",True,Columbia,MD,Data Analyst,12,1.0
Lyft,"Research Scientist, Decision Science Products","San Francisco, CA",quantitative finance,quant,Lyft,cnbc_4,"['quant', 'quantitative finance', 'quantitative analyst']","['research', 'scientist', 'data', 'AI']",Lyft,True,False,9.0,0.0,False,False,0.0,True,2.0,"San Francisco, CA",True,San Francisco,CA,Research Scientist - Decision Science Products,45,1.0
M&T Bank,Sr Quantitative Risk Analyst,"Buffalo, NY",quantitative analyst,quant,M&T Bank,f1000_454,"['quant', 'quantitative finance', 'quantitative analyst']","['research', 'scientist', 'data', 'AI']",M&T Bank,True,False,18.0,0.0,False,True,5.0,False,3.0,"Buffalo, NY",True,Buffalo,NY,Sr Quantitative Risk Analyst,28,1.0
MD Anderson Cancer Center,Research Statistical Analyst - Bioinformatics and Computational Biology,"Houston, TX 77030 (Medical area)",quantitative analyst,quant,MD Anderson Cancer Center,glassdoor_117,"['quant', 'quantitative finance', 'quantitative analyst']","['research', 'scientist', 'data', 'AI']",MD Anderson Cancer Center,True,False,1.0,0.0,False,False,0.0,True,1.0,"Houston, TX",True,Houston,TX,Research Statistical Analyst - Bioinformatics and Computational Biology,71,1.0
Macquarie Group Limited,Market Data Business Analyst - Vendor Manager,"New York, NY",business analyst,mba,Macquarie,vault_181,"['business analyst', 'financial analyst', 'project manager']","['marketing', 'analyst', 'MBA']",Macquarie Group Limited,False,True,0.0,27.0,False,True,1.0,False,13.0,"New York, NY",True,New York,NY,Market Data Business Analyst - Vendor Manager,45,1.0
Magellan Health,Data and Reporting Analyst II,"Salt Lake City, UT 84103 (Greater Avenues area)",quantitative analyst,quant,Magellan Health,f1000_525,"['quant', 'quantitative finance', 'quantitative analyst']","['research', 'scientist', 'data', 'AI']",Magellan Health,True,False,3.0,0.0,False,False,0.0,True,1.0,"Salt Lake City, UT",True,Salt Lake City,UT,Data and Reporting Analyst II,29,1.0
"Marriott International, Inc",Director-Advanced Data Science,"Bethesda, MD 20817",quantitative analyst,quant,Marriott,f1000_162,"['quant', 'quantitative finance', 'quantitative analyst']","['research', 'scientist', 'data', 'AI']",Marriott International Inc,False,True,0.0,15.0,False,False,0.0,True,6.0,"Bethesda, MD",True,Bethesda,MD,Director-Advanced Data Science,30,1.0
Massachusetts General Hospital(MGH),"Data Analyst, Senior","Boston, MA",quantitative analyst,quant,Massachusetts General Hospital,glassdoor_133,"['quant', 'quantitative finance', 'quantitative analyst']","['research', 'scientist', 'data', 'AI']",Massachusetts General Hospital MGH ,False,True,0.0,3.0,False,False,0.0,True,5.0,"Boston, MA",True,Boston,MA,Data Analyst - Senior,20,1.0
McKesson,Data Engineer,"Phoenix, AZ 85020 (North Mountain area)",quantitative analyst,quant,McKesson,f1000_4,"['quant', 'quantitative finance', 'quantitative analyst']","['research', 'scientist', 'data', 'AI']",McKesson,True,False,8.0,0.0,False,False,0.0,True,2.0,"Phoenix, AZ",True,Phoenix,AZ,Data Engineer,13,1.0
McKinsey & Company,Senior Financial Analyst - Digital,"Tampa, FL",financial analyst,mba,McKinsey & Company,vault_100,"['business analyst', 'financial analyst', 'project manager']","['marketing', 'analyst', 'MBA']",McKinsey & Company,True,False,27.0,0.0,False,True,2.0,False,15.0,"Tampa, FL",True,Tampa,FL,Senior Financial Analyst - Digital,34,1.0
Medical Mutual of Ohio,Data Financial Analyst,"Cleveland, OH",quantitative analyst,quant,Medical Mutual of Ohio,f1000_761,"['quant', 'quantitative finance', 'quantitative analyst']","['research', 'scientist', 'data', 'AI']",Medical Mutual of Ohio,True,False,7.0,0.0,False,False,0.0,True,1.0,"Cleveland, OH",True,Cleveland,OH,Data Financial Analyst,22,1.0
Medidata Solutions,Clinical Data QC Analyst,"Iselin, NJ 08830",quantitative analyst,quant,Medidata Solutions,nasdaq_MDSO,"['quant', 'quantitative finance', 'quantitative analyst']","['research', 'scientist', 'data', 'AI']",Medidata Solutions,True,False,2.0,0.0,False,False,0.0,True,2.0,"Iselin, NJ",True,Iselin,NJ,Clinical Data QC Analyst,24,1.0
Memorial Sloan Kettering,Ops Research Engineer/Data Scientist,"New York, NY 10017 (Midtown area)",quantitative analyst,quant,Memorial Sloan Kettering,glassdoor_115,"['quant', 'quantitative finance', 'quantitative analyst']","['research', 'scientist', 'data', 'AI']",Memorial Sloan Kettering,True,False,4.0,0.0,False,False,0.0,True,2.0,"New York, NY",True,New York,NY,Ops Research Engineer/Data Scientist,36,1.0
Microsoft,Quantitative Treasury Analyst,"Redmond, WA",quantitative analyst,quant,Microsoft,f1000_27,"['quant', 'quantitative finance', 'quantitative analyst']","['research', 'scientist', 'data', 'AI']",Microsoft,True,False,26.0,0.0,False,True,1.0,False,9.0,"Redmond, WA",True,Redmond,WA,Quantitative Treasury Analyst,29,1.0
Mondelez International,Global Procurement Data Science Lead,"East Hanover, NJ 07936",quantitative analyst,quant,Mondelez,f1000_108,"['quant', 'quantitative finance', 'quantitative analyst']","['research', 'scientist', 'data', 'AI']",Mondelez International,False,True,0.0,14.0,False,False,0.0,True,1.0,"East Hanover, NJ",True,East Hanover,NJ,Global Procurement Data Science Lead,36,1.0
Moody's Analytics,Director - Quantitative Research (CECL / IFRS 9),"San Francisco, CA",quantitative finance,quant,Moody's,f1000_630,"['quant', 'quantitative finance', 'quantitative analyst']","['research', 'scientist', 'data', 'AI']",Moody's Analytics,False,True,0.0,18.0,False,True,1.0,False,5.0,"San Francisco, CA",True,San Francisco,CA,Director - Quantitative Research,48,1.0
Morgan Stanley,Equity Research Sector Quant,"New York, NY",quant,quant,Morgan Stanley,f1000_75,"['quant', 'quantitative finance', 'quantitative analyst']","['research', 'scientist', 'data', 'AI']",Morgan Stanley,True,False,27.0,0.0,False,True,11.0,False,1.0,"New York, NY",True,New York,NY,Equity Research Sector Quant,28,1.0
NAVIENT,Senior Internal Auditor - Data Analytics,"Reston, VA",quantitative analyst,quant,Navient,f1000_513,"['quant', 'quantitative finance', 'quantitative analyst']","['research', 'scientist', 'data', 'AI']",Navient,True,False,4.0,0.0,False,False,0.0,True,1.0,"Reston, VA",True,Reston,VA,Senior Internal Auditor - Data Analytics,40,1.0
Navy Federal Credit Union,Member Research Strategist II,"Vienna, VA 22180",quantitative analyst,quant,Navy Federal Credit Union,glassdoor_78,"['quant', 'quantitative finance', 'quantitative analyst']","['research', 'scientist', 'data', 'AI']",Navy Federal Credit Union,True,False,13.0,0.0,False,False,0.0,True,1.0,"Vienna, VA",True,Vienna,VA,Member Research Strategist II,29,1.0
NextEra Energy,Quantitative Analyst,"Juno Beach, FL 33408",quantitative analyst,quant,NextEra Energy,f1000_169,"['quant', 'quantitative finance', 'quantitative analyst']","['research', 'scientist', 'data', 'AI']",NextEra Energy,True,False,9.0,0.0,False,True,3.0,False,1.0,"Juno Beach, FL",True,Juno Beach,FL,Quantitative Analyst,20,1.0
NIKE INC,Senior Data Scientist,"Portland, OR",quantitative analyst,quant,Nike,f1000_87,"['quant', 'quantitative finance', 'quantitative analyst']","['research', 'scientist', 'data', 'AI']",Nike Inc,False,True,0.0,18.0,False,False,0.0,True,1.0,"Portland, OR",True,Portland,OR,Senior Data Scientist,21,1.0
"Nomura Holdings, Inc.","Investment Banking Analyst, Latin America","New York, NY",business analyst,mba,Nomura,vault_188,"['business analyst', 'financial analyst', 'project manager']","['marketing', 'analyst', 'MBA']",Nomura Holdings Inc ,False,True,0.0,2.0,False,False,0.0,True,1.0,"New York, NY",True,New York,NY,Investment Banking Analyst - Latin America,41,1.0
Nordstrom,Lead Analyst (Data Analyst 3),"Seattle, WA",quantitative finance,quant,Nordstrom,f1000_187,"['quant', 'quantitative finance', 'quantitative analyst']","['research', 'scientist', 'data', 'AI']",Nordstrom,True,False,13.0,0.0,False,False,0.0,True,3.0,"Seattle, WA",True,Seattle,WA,Lead Analyst,29,1.0
Northern Trust Corp.,"Senior Associate Analyst, Investments (Real Assets Research)","Chicago, IL",quantitative analyst,quant,Northern Trust,f1000_500,"['quant', 'quantitative finance', 'quantitative analyst']","['research', 'scientist', 'data', 'AI']",Northern Trust Corp ,False,True,0.0,6.0,False,False,0.0,True,1.0,"Chicago, IL",True,Chicago,IL,Senior Associate Analyst - Investments,60,1.0
Northrop Grumman,Operations Research Analyst,"Scott AFB, IL 62225",quantitative analyst,quant,Northrop Grumman,f1000_113,"['quant', 'quantitative finance', 'quantitative analyst']","['research', 'scientist', 'data', 'AI']",Northrop Grumman,True,False,8.0,0.0,False,False,0.0,True,2.0,"Scott AFB, IL",True,Scott AFB,IL,Operations Research Analyst,27,1.0
Oliver Wyman,Aircraft Records Analyst,"Atlanta, GA",business analyst,mba,Oliver Wyman,vault_104,"['business analyst', 'financial analyst', 'project manager']","['marketing', 'analyst', 'MBA']",Oliver Wyman,True,False,7.0,0.0,False,False,0.0,True,1.0,"Atlanta, GA",True,Atlanta,GA,Aircraft Records Analyst,24,1.0
OneMain Financial,Quantitative Analytics Manager,"Wilmington, DE",quantitative analyst,quant,OneMain,f1000_601,"['quant', 'quantitative finance', 'quantitative analyst']","['research', 'scientist', 'data', 'AI']",OneMain Financial,False,True,0.0,4.0,False,True,2.0,False,1.0,"Wilmington, DE",True,Wilmington,DE,Quantitative Analytics Manager,30,1.0
Oracle,Client Success Analyst | DataRaker Utilities Analytics Team,"Reston, VA 20190",quantitative analyst,quant,Oracle,f1000_80,"['quant', 'quantitative finance', 'quantitative analyst']","['research', 'scientist', 'data', 'AI']",Oracle,True,False,14.0,2.0,False,False,0.0,True,2.0,"Reston, VA",True,Reston,VA,Client Success Analyst DataRaker Utilities Analytics Team,59,1.0
PJT Partners,Analyst - PJT Camberview,"San Francisco, CA",business analyst,mba,PJT Partners,vault_172,"['business analyst', 'financial analyst', 'project manager']","['marketing', 'analyst', 'MBA']",PJT Partners,True,False,15.0,0.0,False,False,0.0,True,6.0,"San Francisco, CA",True,San Francisco,CA,Analyst - PJT Camberview,24,1.0
PNC Financial Services Group,Quantitative Analytics & Model Development Analyst,"Pittsburgh, PA 15289 (Central Business District area)",quantitative analyst,quant,PNC Financial Services,f1000_165,"['quant', 'quantitative finance', 'quantitative analyst']","['research', 'scientist', 'data', 'AI']",PNC Financial Services Group,False,True,0.0,11.0,False,True,4.0,False,0.0,"Pittsburgh, PA",True,Pittsburgh,PA,Quantitative Analytics & Model Development Analyst,50,1.0
Pacific Life,Assistant Actuary (Quantitative Modeling),"Newport Beach, CA",quantitative finance,quant,Pacific Life,f1000_301,"['quant', 'quantitative finance', 'quantitative analyst']","['research', 'scientist', 'data', 'AI']",Pacific Life,True,False,3.0,0.0,False,True,2.0,False,3.0,"Newport Beach, CA",True,Newport Beach,CA,Assistant Actuary,41,1.0
Paypal,Data Scientist 2,"San Jose, CA 95131 (North Valley area)",quantitative finance,quant,PayPal,f1000_263,"['quant', 'quantitative finance', 'quantitative analyst']","['research', 'scientist', 'data', 'AI']",Paypal,True,False,18.0,0.0,False,False,0.0,True,4.0,"San Jose, CA",True,San Jose,CA,Data Scientist 2,16,1.0
Perspecta,Data Scientist III,"Springfield, VA 22156",quantitative analyst,quant,Perspecta,nasdaq_PRSP,"['quant', 'quantitative finance', 'quantitative analyst']","['research', 'scientist', 'data', 'AI']",Perspecta,True,False,9.0,0.0,False,False,0.0,True,3.0,"Springfield, VA",True,Springfield,VA,Data Scientist III,18,1.0
Pfizer Inc.,"Principal Scientist, Computational Biology – NGS Analyst","Cambridge, MA",quantitative analyst,quant,Pfizer,f1000_53,"['quant', 'quantitative finance', 'quantitative analyst']","['research', 'scientist', 'data', 'AI']",Pfizer Inc ,False,True,0.0,3.0,False,False,0.0,True,1.0,"Cambridge, MA",True,Cambridge,MA,Principal Scientist - Computational Biology NGS Analyst,56,1.0
Progressive,Data Analyst,"Highland Heights, OH",quantitative analyst,quant,Progressive,f1000_119,"['quant', 'quantitative finance', 'quantitative analyst']","['research', 'scientist', 'data', 'AI']",Progressive,True,False,10.0,4.0,False,False,0.0,True,11.0,"Highland Heights, OH",True,Highland Heights,OH,Data Analyst,12,1.0
Progressive Leasing,Data Science - Sr. Manager,"Draper, UT",quantitative analyst,quant,Progressive,f1000_119,"['quant', 'quantitative finance', 'quantitative analyst']","['research', 'scientist', 'data', 'AI']",Progressive Leasing,False,True,10.0,4.0,False,False,0.0,True,11.0,"Draper, UT",True,Draper,UT,Data Science - Sr Manager,26,1.0
PwC,Data Scientist - Manager,"Chicago, IL 60606 (Loop area)",data scientist,data_science,PwC,vault_202,"['data scientist', 'machine learning']","['research', 'scientist', 'data', 'AI']",PwC,True,False,14.0,0.0,False,True,4.0,False,2.0,"Chicago, IL",True,Chicago,IL,Data Scientist - Manager,24,1.0
Qualtrics,Sr. UX Data Scientist,"Seattle, WA",quantitative finance,quant,Qualtrics,forbes_6,"['quant', 'quantitative finance', 'quantitative analyst']","['research', 'scientist', 'data', 'AI']",Qualtrics,True,False,3.0,0.0,False,False,0.0,True,2.0,"Seattle, WA",True,Seattle,WA,Sr UX Data Scientist,21,1.0
Ralph Lauren,"Data Engineer (Analyst), Global Analytics","Lyndhurst, NJ 07071",quantitative analyst,quant,Ralph Lauren,f1000_370,"['quant', 'quantitative finance', 'quantitative analyst']","['research', 'scientist', 'data', 'AI']",Ralph Lauren,True,False,4.0,0.0,False,False,0.0,True,1.0,"Lyndhurst, NJ",True,Lyndhurst,NJ,Data Engineer - Global Analytics,41,1.0
RAYMOND JAMES FINANCIAL,Research Associate,"Saint Petersburg, FL",quantitative finance,quant,Raymond James Financial,f1000_468,"['quant', 'quantitative finance', 'quantitative analyst']","['research', 'scientist', 'data', 'AI']",Raymond James Financial,True,False,18.0,0.0,False,False,0.0,True,6.0,"Saint Petersburg, FL",True,Saint Petersburg,FL,Research Associate,18,1.0
Raytheon,Senior Data Scientist,"McKinney, TX 75071",quantitative finance,quant,Raytheon,f1000_115,"['quant', 'quantitative finance', 'quantitative analyst']","['research', 'scientist', 'data', 'AI']",Raytheon,True,False,9.0,0.0,False,False,0.0,True,3.0,"McKinney, TX",True,McKinney,TX,Senior Data Scientist,21,1.0
National Renewable Energy Laboratory,Geospatial Data Science Postdoctoral Researcher,"Golden, CO 80401",quantitative analyst,quant,Renewable Energy,f1000_923,"['quant', 'quantitative finance', 'quantitative analyst']","['research', 'scientist', 'data', 'AI']",National Renewable Energy Laboratory,False,True,0.0,10.0,False,False,0.0,True,2.0,"Golden, CO",True,Golden,CO,Geospatial Data Science Postdoctoral Researcher,47,1.0
Rothschild & Co,Analyst - Financial Institutions Group,"New York, NY 10018 (Clinton area)",business analyst,mba,Rothschild,vault_175,"['business analyst', 'financial analyst', 'project manager']","['marketing', 'analyst', 'MBA']",Rothschild & Co,False,True,0.0,3.0,False,False,0.0,True,1.0,"New York, NY",True,New York,NY,Analyst - Financial Institutions Group,38,1.0
Shirley Ryan Ability Lab,"Research Laboratory Technician- Arms & Hands Core, Full-time","Chicago, IL 60611 (Near North Side area)",quantitative finance,quant,Ryan,glassdoor_70,"['quant', 'quantitative finance', 'quantitative analyst']","['research', 'scientist', 'data', 'AI']",Shirley Ryan Ability Lab,False,True,0.0,5.0,False,False,0.0,True,1.0,"Chicago, IL",True,Chicago,IL,Research Laboratory Technician - Arms & Hands Core - Full-time,60,1.0
Salesforce,Data Science and Machine Learning - Technical Director,"San Francisco, CA 94105 (Financial District area)",quantitative analyst,quant,Salesforce,glassdoor_60,"['quant', 'quantitative finance', 'quantitative analyst']","['research', 'scientist', 'data', 'AI']",Salesforce,True,False,15.0,0.0,False,False,0.0,True,1.0,"San Francisco, CA",True,San Francisco,CA,Data Science and Machine Learning - Technical Director,54,1.0
"ScanSource, Inc.",Marketing Data Scientist,"Greenville, SC 29615",quantitative finance,quant,ScanSource,f1000_646,"['quant', 'quantitative finance', 'quantitative analyst']","['research', 'scientist', 'data', 'AI']",ScanSource Inc ,False,True,0.0,3.0,False,False,0.0,True,2.0,"Greenville, SC",True,Greenville,SC,Marketing Data Scientist,24,1.0
UNITED PARCEL SERVICE,Finance Data Analytics Manager,"Atlanta, GA 30328",quantitative finance,quant,Service,f1000_728,"['quant', 'quantitative finance', 'quantitative analyst']","['research', 'scientist', 'data', 'AI']",United Parcel Service,False,True,0.0,18.0,False,False,0.0,True,2.0,"Atlanta, GA",True,Atlanta,GA,Finance Data Analytics Manager,30,1.0
Simon Property Group,Sr. Retail Data Transformation Analyst,"Indianapolis, IN 46204",quantitative analyst,quant,Simon Property,f1000_476,"['quant', 'quantitative finance', 'quantitative analyst']","['research', 'scientist', 'data', 'AI']",Simon Property Group,False,True,0.0,1.0,False,False,0.0,True,1.0,"Indianapolis, IN",True,Indianapolis,IN,Sr Retail Data Transformation Analyst,38,1.0
Slack,"Senior Survey Scientist, Research","San Francisco, CA",quantitative analyst,quant,Slack,forbes_1,"['quant', 'quantitative finance', 'quantitative analyst']","['research', 'scientist', 'data', 'AI']",Slack,True,False,3.0,0.0,False,False,0.0,True,2.0,"San Francisco, CA",True,San Francisco,CA,Senior Survey Scientist - Research,33,1.0
Smartronix,Project Manager,"Maxwell AFB, AL",project manager,mba,Smartronix,vault_145,"['business analyst', 'financial analyst', 'project manager']","['marketing', 'analyst', 'MBA']",Smartronix,True,False,17.0,0.0,False,True,5.0,False,3.0,"Maxwell AFB, AL",True,Maxwell AFB,AL,Project Manager,15,1.0
Snap Finance,UX Researcher,"West Valley City, UT 84119",quantitative finance,quant,Snap,nasdaq_SNAP,"['quant', 'quantitative finance', 'quantitative analyst']","['research', 'scientist', 'data', 'AI']",Snap Finance,False,True,0.0,5.0,False,False,0.0,True,1.0,"West Valley City, UT",True,West Valley City,UT,UX Researcher,13,1.0
SoFi,"Director, Operations Data Science","San Francisco, CA",quantitative analyst,quant,SoFi,cnbc_49,"['quant', 'quantitative finance', 'quantitative analyst']","['research', 'scientist', 'data', 'AI']",SoFi,True,False,16.0,0.0,False,False,0.0,True,15.0,"San Francisco, CA",True,San Francisco,CA,Director - Operations Data Science,33,1.0
Auto Club of Southern California,Sr. Data Scientist,"Costa Mesa, CA 92626",quantitative analyst,quant,Southern,f1000_144,"['quant', 'quantitative finance', 'quantitative analyst']","['research', 'scientist', 'data', 'AI']",Auto Club of Southern California,False,True,0.0,18.0,False,False,0.0,True,2.0,"Costa Mesa, CA",True,Costa Mesa,CA,Sr Data Scientist,18,1.0
SpartanNash,"Data Scientist, Supply Chain","Grand Rapids, MI 49548",quantitative finance,quant,SpartanNash,f1000_349,"['quant', 'quantitative finance', 'quantitative analyst']","['research', 'scientist', 'data', 'AI']",SpartanNash,True,False,3.0,0.0,False,False,0.0,True,2.0,"Grand Rapids, MI",True,Grand Rapids,MI,Data Scientist - Supply Chain,28,1.0
Splunk,Data Engineer,"San Francisco, CA",quantitative finance,quant,Splunk,nasdaq_SPLK,"['quant', 'quantitative finance', 'quantitative analyst']","['research', 'scientist', 'data', 'AI']",Splunk,True,False,6.0,0.0,False,False,0.0,True,1.0,"San Francisco, CA",True,San Francisco,CA,Data Engineer,13,1.0
The Madison Square Garden Company,Manager Sales Research,"New York, NY 10121 (Chelsea area)",quantitative finance,quant,Square,nasdaq_SQ,"['quant', 'quantitative finance', 'quantitative analyst']","['research', 'scientist', 'data', 'AI']",The Madison Square Garden Company,False,True,8.0,6.0,False,False,0.0,True,1.0,"New York, NY",True,New York,NY,Manager Sales Research,22,1.0
Staples,Operations Research Analyst,"Framingham, MA 01702",quantitative analyst,quant,Staples,f1000_139,"['quant', 'quantitative finance', 'quantitative analyst']","['research', 'scientist', 'data', 'AI']",Staples,True,False,8.0,0.0,False,False,0.0,True,3.0,"Framingham, MA",True,Framingham,MA,Operations Research Analyst,27,1.0
Starbucks,"senior data scientist, Supply Chain Advanced Analytics, SSC - Seattle, WA","Seattle, WA 98133",quantitative analyst,quant,Starbucks,f1000_130,"['quant', 'quantitative finance', 'quantitative analyst']","['research', 'scientist', 'data', 'AI']",Starbucks,True,False,1.0,0.0,False,False,0.0,True,1.0,"Seattle, WA",True,Seattle,WA,senior data scientist - Supply Chain Advanced Analytics - SSC - - WA,73,1.0
State Farm Insurance,Lead Analyst – Advanced Analytics/Data Science,"Athens, GA 30602",quantitative finance,quant,State Farm Insurance,f1000_32,"['quant', 'quantitative finance', 'quantitative analyst']","['research', 'scientist', 'data', 'AI']",State Farm Insurance,True,False,7.0,0.0,False,False,0.0,True,2.0,"Athens, GA",True,Athens,GA,Lead Analyst Advanced Analytics/Data Science,46,1.0
State Street,"Quantitative Analyst,AVP","Boston, MA",quantitative finance,quant,State Street,f1000_270,"['quant', 'quantitative finance', 'quantitative analyst']","['research', 'scientist', 'data', 'AI']",State Street,True,False,22.0,0.0,False,True,12.0,False,1.0,"Boston, MA",True,Boston,MA,Quantitative Analyst AVP,24,1.0
T-Mobile,"Sr Analyst, Data Analytics & Visualization","Bellevue, WA",quantitative analyst,quant,T-Mobile,glassdoor_108,"['quant', 'quantitative finance', 'quantitative analyst']","['research', 'scientist', 'data', 'AI']",T-Mobile,True,False,18.0,0.0,False,False,0.0,True,1.0,"Bellevue, WA",True,Bellevue,WA,Sr Analyst - Data Analytics & Visualization,42,1.0
TIAA Bank,Data Analyst - Bank Ops,"Jacksonville, FL 32099 (Marietta area)",quantitative analyst,quant,TIAA,f1000_79,"['quant', 'quantitative finance', 'quantitative analyst']","['research', 'scientist', 'data', 'AI']",TIAA Bank,False,True,2.0,3.0,False,False,0.0,True,1.0,"Jacksonville, FL",True,Jacksonville,FL,Data Analyst - Bank Ops,23,1.0
Targa Resources,Application Specialist - Data Engineer - T8960,"Houston, TX",quantitative analyst,quant,Targa Resources,f1000_401,"['quant', 'quantitative finance', 'quantitative analyst']","['research', 'scientist', 'data', 'AI']",Targa Resources,True,False,1.0,0.0,False,False,0.0,True,1.0,"Houston, TX",True,Houston,TX,Application Specialist - Data Engineer - T8960,46,1.0
Target,Lead Operations Research Analyst - Network Planning,"Minneapolis, MN",quantitative finance,quant,Target,f1000_37,"['quant', 'quantitative finance', 'quantitative analyst']","['research', 'scientist', 'data', 'AI']",Target,True,False,10.0,0.0,False,False,0.0,True,2.0,"Minneapolis, MN",True,Minneapolis,MN,Lead Operations Research Analyst - Network Planning,51,1.0
The Boston Consulting Group,Business Analyst,"Boston, MA 02109 (Central area)",business analyst,mba,The Boston Consulting,vault_102,"['business analyst', 'financial analyst', 'project manager']","['marketing', 'analyst', 'MBA']",The Boston Consulting Group,False,True,0.0,20.0,False,True,6.0,False,14.0,"Boston, MA",True,Boston,MA,Business Analyst,16,1.0
Thermo Fisher Scientific,"Sr. Analyst, Research and Market Intelligence","Pittsburgh, PA 15202",quantitative finance,quant,Thermo Fisher Scientific,f1000_153,"['quant', 'quantitative finance', 'quantitative analyst']","['research', 'scientist', 'data', 'AI']",Thermo Fisher Scientific,True,False,12.0,0.0,False,False,0.0,True,1.0,"Pittsburgh, PA",True,Pittsburgh,PA,Sr Analyst - Research and Market Intelligence,45,1.0
Time Warner,Data Analyst,"Needham, MA",quantitative finance,quant,Time,f1000_715,"['quant', 'quantitative finance', 'quantitative analyst']","['research', 'scientist', 'data', 'AI']",Time Warner,False,True,0.0,18.0,False,False,0.0,True,3.0,"Needham, MA",True,Needham,MA,Data Analyst,12,1.0
Time Warner,Data Analyst,"Needham, MA",quantitative finance,quant,Time Warner,f1000_94,"['quant', 'quantitative finance', 'quantitative analyst']","['research', 'scientist', 'data', 'AI']",Time Warner,True,False,18.0,0.0,False,False,0.0,True,3.0,"Needham, MA",True,Needham,MA,Data Analyst,12,1.0
Twitter,Research Specialist,"San Francisco, CA 94103 (South Of Market area)",quantitative analyst,quant,Twitter,f1000_801,"['quant', 'quantitative finance', 'quantitative analyst']","['research', 'scientist', 'data', 'AI']",Twitter,True,False,15.0,0.0,False,False,0.0,True,1.0,"San Francisco, CA",True,San Francisco,CA,Research Specialist,19,1.0
"Two Sigma Investments, LLC.",Research Scientist,"New York, NY",statistics,stats,Two Sigma,hedge_4,"['statistics', 'statistical analyst', 'statistician']","['research', 'scientist', 'survey', 'methodologist', 'quant']",Two Sigma Investments LLC ,False,True,0.0,15.0,False,False,0.0,True,12.0,"New York, NY",True,New York,NY,Research Scientist,18,1.0
UBS,IT Project Manager,"Nashville, TN 37203",project manager,mba,UBS,vault_167,"['business analyst', 'financial analyst', 'project manager']","['marketing', 'analyst', 'MBA']",UBS,True,False,27.0,0.0,False,True,15.0,False,10.0,"Nashville, TN",True,Nashville,TN,IT Project Manager,18,1.0
Uber,Data Analyst - Strategic Finance,"San Francisco, CA 94103 (South Of Market area)",quantitative analyst,quant,Uber,cnbc_1,"['quant', 'quantitative finance', 'quantitative analyst']","['research', 'scientist', 'data', 'AI']",Uber,True,False,18.0,0.0,False,False,0.0,True,4.0,"San Francisco, CA",True,San Francisco,CA,Data Analyst - Strategic Finance,32,1.0
Ulta Beauty,Director Real Estate Market Research,"Bolingbrook, IL 60440",quantitative analyst,quant,Ulta Beauty,f1000_523,"['quant', 'quantitative finance', 'quantitative analyst']","['research', 'scientist', 'data', 'AI']",Ulta Beauty,True,False,3.0,0.0,False,False,0.0,True,1.0,"Bolingbrook, IL",True,Bolingbrook,IL,Director Real Estate Market Research,36,1.0
UnitedHealth Group,Data Analyst,"San Antonio, TX 78208 (Government Hill Alliance area)",quantitative finance,quant,UnitedHealth,f1000_5,"['quant', 'quantitative finance', 'quantitative analyst']","['research', 'scientist', 'data', 'AI']",UnitedHealth Group,False,True,0.0,18.0,False,False,0.0,True,6.0,"San Antonio, TX",True,San Antonio,TX,Data Analyst,12,1.0
Los Angeles Universal Preschool,RESEARCH ANALYST TEM,"Los Angeles, CA 90012",quantitative analyst,quant,Universal,f1000_903,"['quant', 'quantitative finance', 'quantitative analyst']","['research', 'scientist', 'data', 'AI']",Los Angeles Universal Preschool,False,True,0.0,7.0,False,False,0.0,True,2.0,"Los Angeles, CA",True,Los Angeles,CA,RESEARCH ANALYST TEM,20,1.0
Verisk Analytics,Principal II -Research & Dev,"Buffalo Grove, IL",quantitative analyst,quant,Verisk Analytics,f1000_908,"['quant', 'quantitative finance', 'quantitative analyst']","['research', 'scientist', 'data', 'AI']",Verisk Analytics,True,False,5.0,0.0,False,False,0.0,True,2.0,"Buffalo Grove, IL",True,Buffalo Grove,IL,Principal II - Research & Dev,28,1.0
Viacom,"Manager, Sourcing - Research and Insights","Hollywood, CA",quantitative finance,quant,Viacom,f1000_223,"['quant', 'quantitative finance', 'quantitative analyst']","['research', 'scientist', 'data', 'AI']",Viacom,True,False,4.0,0.0,False,False,0.0,True,1.0,"Hollywood, CA",True,Hollywood,CA,Manager - Sourcing - Research and Insights,41,1.0
Voya Financial,Director of Quantitative Equity Research,"New York, NY",quant,quant,Voya Financial,f1000_265,"['quant', 'quantitative finance', 'quantitative analyst']","['research', 'scientist', 'data', 'AI']",Voya Financial,True,False,6.0,0.0,False,True,3.0,False,1.0,"New York, NY",True,New York,NY,Director of Quantitative Equity Research,40,1.0
Walmart Stores,Staff Data Scientist,"Sunnyvale, CA 94087",quantitative finance,quant,Walmart,f1000_0,"['quant', 'quantitative finance', 'quantitative analyst']","['research', 'scientist', 'data', 'AI']",Walmart Stores,False,True,0.0,14.0,False,False,0.0,True,3.0,"Sunnyvale, CA",True,Sunnyvale,CA,Staff Data Scientist,20,1.0
Wayfair,"Manager, Quantitative Integrated Marketing","Boston, MA 02116 (South End area)",quantitative finance,quant,Wayfair,f1000_665,"['quant', 'quantitative finance', 'quantitative analyst']","['research', 'scientist', 'data', 'AI']",Wayfair,True,False,16.0,0.0,False,True,1.0,False,2.0,"Boston, MA",True,Boston,MA,Manager - Quantitative Integrated Marketing,42,1.0
WeWork,Senior Data Analyst,"New York, NY",quantitative analyst,quant,WeWork,cnbc_22,"['quant', 'quantitative finance', 'quantitative analyst']","['research', 'scientist', 'data', 'AI']",WeWork,True,False,18.0,0.0,False,False,0.0,True,5.0,"New York, NY",True,New York,NY,Senior Data Analyst,19,1.0
Wells Fargo,Quant Model Developer,"New York, NY",quant,quant,Wells Fargo,f1000_24,"['quant', 'quantitative finance', 'quantitative analyst']","['research', 'scientist', 'data', 'AI']",Wells Fargo,True,False,23.0,0.0,False,True,5.0,False,1.0,"New York, NY",True,New York,NY,Quant Model Developer,21,1.0
Bank of the West,Quantitative Analyst,"San Ramon, CA",quantitative finance,quant,West,f1000_863,"['quant', 'quantitative finance', 'quantitative analyst']","['research', 'scientist', 'data', 'AI']",Bank of the West,False,True,0.0,18.0,False,True,6.0,False,5.0,"San Ramon, CA",True,San Ramon,CA,Quantitative Analyst,20,1.0
William Blair & Company,MANAGER - INVESTMENT BANKING MARKETING,"Chicago, IL 60606 (Loop area)",project manager,mba,William Blair,vault_163,"['business analyst', 'financial analyst', 'project manager']","['marketing', 'analyst', 'MBA']",William Blair & Company,False,True,0.0,16.0,False,False,0.0,True,8.0,"Chicago, IL",True,Chicago,IL,MANAGER - INVESTMENT BANKING MARKETING,38,1.0
"Williams-Sonoma, Inc.",Sr. Data Scientist,"San Francisco, CA 94111 (Financial District area)",quantitative analyst,quant,Williams,f1000_366,"['quant', 'quantitative finance', 'quantitative analyst']","['research', 'scientist', 'data', 'AI']",Williams-Sonoma Inc ,False,True,0.0,14.0,False,False,0.0,True,1.0,"San Francisco, CA",True,San Francisco,CA,Sr Data Scientist,18,1.0
Xcel Energy,Quantitative Systems Consultant Job,"Denver, CO 80202 (Lodo area)",quantitative analyst,quant,Xcel Energy,f1000_255,"['quant', 'quantitative finance', 'quantitative analyst']","['research', 'scientist', 'data', 'AI']",Xcel Energy,True,False,4.0,0.0,False,True,1.0,False,0.0,"Denver, CO",True,Denver,CO,Quantitative Systems Consultant Job,35,1.0
ZS Associates,Solutions Analyst,"San Francisco, CA",business analyst,mba,ZS,vault_124,"['business analyst', 'financial analyst', 'project manager']","['marketing', 'analyst', 'MBA']",ZS Associates,False,True,0.0,22.0,False,False,0.0,True,15.0,"San Francisco, CA",True,San Francisco,CA,Solutions Analyst,17,1.0
eBay Inc.,Senior Data Engineer,"San Jose, CA",quantitative analyst,quant,eBay,f1000_309,"['quant', 'quantitative finance', 'quantitative analyst']","['research', 'scientist', 'data', 'AI']",eBay Inc ,False,True,0.0,10.0,False,False,0.0,True,3.0,"San Jose, CA",True,San Jose,CA,Senior Data Engineer,20,1.0
