"Symbol","Name","LastSale","MarketCap","ADR TSO","IPOyear","Sector","Industry","Summary Quote",
"VNET","21Vianet Group, Inc.","9.51","590159255.04","62056704","2011","Technology","Computer Software: Programming, Data Processing","https://www.nasdaq.com/symbol/vnet",
"TWOU","2U, Inc.","53.11","3076269923.32","n/a","2014","Technology","Computer Software: Prepackaged Software","https://www.nasdaq.com/symbol/twou",
"DDD","3D Systems Corporation","11.17","1275396665.31","n/a","n/a","Technology","Computer Software: Prepackaged Software","https://www.nasdaq.com/symbol/ddd",
"JOBS","51job, Inc.","65.11","2372359093.81","36436171","2004","Technology","Diversified Commercial Services","https://www.nasdaq.com/symbol/jobs",
"WUBA","58.com Inc.","56.47","8365396116.02","n/a","2013","Technology","Computer Software: Programming, Data Processing","https://www.nasdaq.com/symbol/wuba",
"EGHT","8x8 Inc","20.2","1926497856.2","n/a","n/a","Technology","EDP Services","https://www.nasdaq.com/symbol/eght",
"ATEN","A10 Networks, Inc.","6.7","494449393.9","n/a","2014","Technology","Computer Communications Equipment","https://www.nasdaq.com/symbol/aten",
"AAN","Aaron&#39;s,  Inc.","46.49","3374165213.49","n/a","n/a","Technology","Diversified Commercial Services","https://www.nasdaq.com/symbol/aan",
"ACIA","Acacia Communications, Inc.","42.69","1726521787.53","n/a","2016","Technology","Semiconductors","https://www.nasdaq.com/symbol/acia",
"ACIW","ACI Worldwide, Inc.","28.14","3263667210.3","n/a","n/a","Technology","Computer Software: Prepackaged Software","https://www.nasdaq.com/symbol/aciw",
"ACMR","ACM Research, Inc.","10.51","168199286.38","n/a","2017","Technology","Industrial Machinery/Components","https://www.nasdaq.com/symbol/acmr",
"ATVI","Activision Blizzard, Inc","46.54","35512380415.72","n/a","n/a","Technology","Computer Software: Prepackaged Software","https://www.nasdaq.com/symbol/atvi",
"ATU","Actuant Corporation","22.2","1356971314.8","n/a","n/a","Technology","Industrial Machinery/Components","https://www.nasdaq.com/symbol/atu",
"IOTS","Adesto Technologies Corporation","5.24","154234904.08","n/a","2015","Technology","Semiconductors","https://www.nasdaq.com/symbol/iots",
"ADBE","Adobe Inc.","237.55","115956119338.85","n/a","1986","Technology","Computer Software: Prepackaged Software","https://www.nasdaq.com/symbol/adbe",
"AMD","Advanced Micro Devices, Inc.","20.27","20257984268.32","n/a","n/a","Technology","Semiconductors","https://www.nasdaq.com/symbol/amd",
"AER","Aercap Holdings N.V.","46.11","6776375260.47","n/a","2006","Technology","Diversified Commercial Services","https://www.nasdaq.com/symbol/aer",
"ACY","AeroCentury Corp.","9.8352","15204471.7248","n/a","n/a","Technology","Diversified Commercial Services","https://www.nasdaq.com/symbol/acy",
"HIVE","Aerohive Networks, Inc.","3.43","190555090.6","n/a","2014","Technology","EDP Services","https://www.nasdaq.com/symbol/hive",
"AGYS","Agilysys, Inc.","14.32","336925413.52","n/a","n/a","Technology","EDP Services","https://www.nasdaq.com/symbol/agys",
"AGMH","AGM Group Holdings Inc.","28","930049540","n/a","2018","Technology","EDP Services","https://www.nasdaq.com/symbol/agmh",
"AL","Air Lease Corporation","36.77","4079043253.54","n/a","2011","Technology","Diversified Commercial Services","https://www.nasdaq.com/symbol/al",
"AYR","Aircastle Limited","19.79","1508539751.25","n/a","2006","Technology","Diversified Commercial Services","https://www.nasdaq.com/symbol/ayr",
"AIRG","Airgain, Inc.","10.67","105789966.37","n/a","2016","Technology","Radio And Television Broadcasting And Communications Equipment","https://www.nasdaq.com/symbol/airg",
"AMCN","AirMedia Group Inc","0.3695","16693178.2555","45177749","2007","Technology","Advertising","https://www.nasdaq.com/symbol/amcn",
"ALRM","Alarm.com Holdings, Inc.","54.89","2634891970.37","n/a","2015","Technology","Computer Software: Prepackaged Software","https://www.nasdaq.com/symbol/alrm",
"ALYA","Alithya Group inc.","2.99","144807736.19","n/a","n/a","Technology","Computer Software: Programming, Data Processing","https://www.nasdaq.com/symbol/alya",
"ALLT","Allot Ltd.","6.27","211388849.1","n/a","2006","Technology","Computer Communications Equipment","https://www.nasdaq.com/symbol/allt",
"MDRX","Allscripts Healthcare Solutions, Inc.","11.41","1993489101.87","n/a","n/a","Technology","EDP Services","https://www.nasdaq.com/symbol/mdrx",
"AOSL","Alpha and Omega Semiconductor Limited","10.76","255958191.36","n/a","2010","Technology","Semiconductors","https://www.nasdaq.com/symbol/aosl",
"GOOG","Alphabet Inc.","1057.19","735239698425.62","n/a","2004","Technology","Computer Software: Programming, Data Processing","https://www.nasdaq.com/symbol/goog",
"GOOGL","Alphabet Inc.","1064.47","740302690891.06","n/a","n/a","Technology","Computer Software: Programming, Data Processing","https://www.nasdaq.com/symbol/googl",
"AABA","Altaba Inc.","62.88","37891320173.28","n/a","n/a","Technology","EDP Services","https://www.nasdaq.com/symbol/aaba",
"ALTR","Altair Engineering Inc.","29.23","2055699161.23","n/a","2017","Technology","Computer Software: Prepackaged Software","https://www.nasdaq.com/symbol/altr",
"AYX","Alteryx, Inc.","69.08","4240352699.44","n/a","2017","Technology","Computer Software: Prepackaged Software","https://www.nasdaq.com/symbol/ayx",
"AMBA","Ambarella, Inc.","37.85","1213130766.35","n/a","2012","Technology","Semiconductors","https://www.nasdaq.com/symbol/amba",
"AMBR","Amber Road, Inc.","8.41","233732687.94","n/a","2014","Technology","Computer Software: Prepackaged Software","https://www.nasdaq.com/symbol/ambr",
"DOX","Amdocs Limited","60","8374535100","n/a","n/a","Technology","EDP Services","https://www.nasdaq.com/symbol/dox",
"AMRH","Ameri Holdings, Inc.","0.232","9188956.008","n/a","n/a","Technology","Semiconductors","https://www.nasdaq.com/symbol/amrh",
"AMRHW","Ameri Holdings, Inc.","0.0893","0","n/a","n/a","Technology","Semiconductors","https://www.nasdaq.com/symbol/amrhw",
"AMSWA","American Software, Inc.","10.45","323496793.95","n/a","n/a","Technology","Computer Software: Prepackaged Software","https://www.nasdaq.com/symbol/amswa",
"AMKR","Amkor Technology, Inc.","7.45","1784520544.55","n/a","1998","Technology","Semiconductors","https://www.nasdaq.com/symbol/amkr",
"AMN","AMN Healthcare Services Inc","60.83","2850972957.91","n/a","n/a","Technology","Professional Services","https://www.nasdaq.com/symbol/amn",
"ASYS","Amtech Systems, Inc.","4.75","67528831","n/a","n/a","Technology","Industrial Machinery/Components","https://www.nasdaq.com/symbol/asys",
"ADI","Analog Devices, Inc.","90.06","33336569343.18","n/a","n/a","Technology","Semiconductors","https://www.nasdaq.com/symbol/adi",
"PLAN","Anaplan, Inc.","28.55","3567727710.15","n/a","2018","Technology","Computer Software: Prepackaged Software","https://www.nasdaq.com/symbol/plan",
"ANSS","ANSYS, Inc.","154.75","12930912785.5","n/a","1996","Technology","Computer Software: Prepackaged Software","https://www.nasdaq.com/symbol/anss",
"APY","Apergy Corporation","31.36","2425408428.8","n/a","2018","Technology","Industrial Machinery/Components","https://www.nasdaq.com/symbol/apy",
"APPF","AppFolio, Inc.","61.24","2097502334.72","n/a","2015","Technology","Computer Software: Prepackaged Software","https://www.nasdaq.com/symbol/appf",
"APPN","Appian Corporation","30.93","1969343009.31","n/a","2017","Technology","Computer Software: Prepackaged Software","https://www.nasdaq.com/symbol/appn",
"AAPL","Apple Inc.","152.29","720301698870","n/a","1980","Technology","Computer Manufacturing","https://www.nasdaq.com/symbol/aapl",
"AMAT","Applied Materials, Inc.","34.78","33340319914.54","n/a","1972","Technology","Semiconductors","https://www.nasdaq.com/symbol/amat",
"AAOI","Applied Optoelectronics, Inc.","16.39","324500086.57","n/a","2013","Technology","Semiconductors","https://www.nasdaq.com/symbol/aaoi",
"AQ","Aquantia Corp.","8.77","305674517.51","n/a","2017","Technology","Semiconductors","https://www.nasdaq.com/symbol/aq",
"ANET","Arista Networks, Inc.","218.1","16450694130","n/a","2014","Technology","Computer Communications Equipment","https://www.nasdaq.com/symbol/anet",
"ARRS","ARRIS International plc","30.7","5341659885.2","n/a","n/a","Technology","Radio And Television Broadcasting And Communications Equipment","https://www.nasdaq.com/symbol/arrs",
"ASX","ASE Technology Holding Co., Ltd.","3.75","7830214912.5","n/a","2018","Technology","Semiconductors","https://www.nasdaq.com/symbol/asx",
"ASGN","ASGN Incorporated","60.19","3158592255.13","n/a","1992","Technology","Professional Services","https://www.nasdaq.com/symbol/asgn",
"ASML","ASML Holding N.V.","162.02","10993425757.52","67852276","1995","Technology","Industrial Machinery/Components","https://www.nasdaq.com/symbol/asml",
"AZPN","Aspen Technology, Inc.","88.29","6248272440.33","n/a","1994","Technology","EDP Services","https://www.nasdaq.com/symbol/azpn",
"ALOT","AstroNova, Inc.","19.89","138291072.66","n/a","1983","Technology","Computer peripheral equipment","https://www.nasdaq.com/symbol/alot",
"ASUR","Asure Software Inc","5.83","89474374.22","n/a","n/a","Technology","EDP Services","https://www.nasdaq.com/symbol/asur",
"TEAM","Atlassian Corporation Plc","95.65","22778719898.75","n/a","2015","Technology","Computer Software: Prepackaged Software","https://www.nasdaq.com/symbol/team",
"ATOM","Atomera Incorporated","3.14","47205268.5","n/a","2016","Technology","Semiconductors","https://www.nasdaq.com/symbol/atom",
"ATTU","Attunity Ltd.","20.39","435058412.28","n/a","n/a","Technology","Computer Software: Prepackaged Software","https://www.nasdaq.com/symbol/attu",
"AUO","AU Optronics Corp","4.15","3994061720.65","n/a","2002","Technology","Semiconductors","https://www.nasdaq.com/symbol/auo",
"AEYE","AudioEye, Inc.","8.15","61519981.6","n/a","n/a","Technology","Computer Software: Prepackaged Software","https://www.nasdaq.com/symbol/aeye",
"JG","Aurora Mobile Limited","6.73","75203510.1","11174370","2018","Technology","Computer Software: Programming, Data Processing","https://www.nasdaq.com/symbol/jg",
"ADSK","Autodesk, Inc.","136.74","29947268234.64","n/a","n/a","Technology","Computer Software: Prepackaged Software","https://www.nasdaq.com/symbol/adsk",
"ATHM","Autohome Inc.","78.31","9173300433.36","n/a","2013","Technology","EDP Services","https://www.nasdaq.com/symbol/athm",
"ADP","Automatic Data Processing, Inc.","131.65","57627483493.35","n/a","n/a","Technology","EDP Services","https://www.nasdaq.com/symbol/adp",
"AUTO","AutoWeb, Inc.","3.38","43767451","n/a","n/a","Technology","Computer Software: Programming, Data Processing","https://www.nasdaq.com/symbol/auto",
"AVLR","Avalara, Inc.","38.67","2571751714.29","n/a","2018","Technology","Computer Software: Prepackaged Software","https://www.nasdaq.com/symbol/avlr",
"AVNW","Aviat Networks, Inc.","13.9","75401217.2","n/a","n/a","Technology","Radio And Television Broadcasting And Communications Equipment","https://www.nasdaq.com/symbol/avnw",
"AVID","Avid Technology, Inc.","4.75","198800082.75","n/a","1993","Technology","Computer Software: Prepackaged Software","https://www.nasdaq.com/symbol/avid",
"AWRE","Aware, Inc.","3.7777","81390973.3801","n/a","1996","Technology","Computer Software: Prepackaged Software","https://www.nasdaq.com/symbol/awre",
"ACLS","Axcelis Technologies, Inc.","18.11","586983982.17","n/a","2000","Technology","Industrial Machinery/Components","https://www.nasdaq.com/symbol/acls",
"AXTI","AXT Inc","4.53","179106329.13","n/a","1998","Technology","Semiconductors","https://www.nasdaq.com/symbol/axti",
"BOSC","B.O.S. Better Online Solutions","2.23","7924782.22","n/a","n/a","Technology","Computer Communications Equipment","https://www.nasdaq.com/symbol/bosc",
"BIDU","Baidu, Inc.","166.11","46633126726.2","280736420","2005","Technology","Computer Software: Programming, Data Processing","https://www.nasdaq.com/symbol/bidu",
"BAND","Bandwidth Inc.","41.61","805358096.37","n/a","2017","Technology","Computer Software: Prepackaged Software","https://www.nasdaq.com/symbol/band",
"BBSI","Barrett Business Services, Inc.","59.4","438437280.6","n/a","1993","Technology","Professional Services","https://www.nasdaq.com/symbol/bbsi",
"BHE","Benchmark Electronics, Inc.","23.1","1009709223.6","n/a","n/a","Technology","Electrical Products","https://www.nasdaq.com/symbol/bhe",
"BNFT","Benefitfocus, Inc.","50.36","1609533146.92","n/a","2013","Technology","Computer Software: Prepackaged Software","https://www.nasdaq.com/symbol/bnft",
"BGSF","BG Staffing Inc","22.39","227434866.03","n/a","n/a","Technology","Professional Services","https://www.nasdaq.com/symbol/bgsf",
"BILI","Bilibili Inc.","15.36","845687132.16","55057756","2018","Technology","EDP Services","https://www.nasdaq.com/symbol/bili",
"BKYI","BIO-key International, Inc.","0.8445","11804309.526","n/a","n/a","Technology","Computer Communications Equipment","https://www.nasdaq.com/symbol/bkyi",
"BITA","Bitauto Holdings Limited","19.9","1447525323.4","n/a","2010","Technology","EDP Services","https://www.nasdaq.com/symbol/bita",
"BKTI","BK Technologies, Inc.","4.34","57977248.42","n/a","n/a","Technology","Radio And Television Broadcasting And Communications Equipment","https://www.nasdaq.com/symbol/bkti",
"BKI","Black Knight, Inc.","46.78","6988914831.74","n/a","2017","Technology","Computer Software: Prepackaged Software","https://www.nasdaq.com/symbol/bki",
"BLKB","Blackbaud, Inc.","66.67","3238096830.08","n/a","2004","Technology","Computer Software: Prepackaged Software","https://www.nasdaq.com/symbol/blkb",
"BB","BlackBerry Limited","7.57","4141428847.44","n/a","n/a","Technology","Computer Software: Prepackaged Software","https://www.nasdaq.com/symbol/bb",
"BL","BlackLine, Inc.","42.67","2331699461.79","n/a","2016","Technology","Computer Software: Prepackaged Software","https://www.nasdaq.com/symbol/bl",
"BDR","Blonder Tongue Laboratories, Inc.","1.09","10120035.24","n/a","n/a","Technology","Radio And Television Broadcasting And Communications Equipment","https://www.nasdaq.com/symbol/bdr",
"BRQS","Borqs Technologies, Inc. ","4.65","145560577.5","n/a","2015","Technology","EDP Services","https://www.nasdaq.com/symbol/brqs",
"EPAY","Bottomline Technologies, Inc.","48.78","2102024442.96","n/a","1999","Technology","Computer Software: Prepackaged Software","https://www.nasdaq.com/symbol/epay",
"BOX","Box, Inc.","19.06","2733301110.7","n/a","2015","Technology","Computer Software: Prepackaged Software","https://www.nasdaq.com/symbol/box",
"BLIN          ","Bridgeline Digital, Inc.","0.28","3877783","n/a","n/a","Technology","Computer Software: Prepackaged Software","https://www.nasdaq.com/symbol/blin",
"BCOV","Brightcove Inc.","7.37","268883505.55","n/a","2012","Technology","EDP Services","https://www.nasdaq.com/symbol/bcov",
"AVGO","Broadcom Inc.","250.57","102049869663.57","n/a","2009","Technology","Semiconductors","https://www.nasdaq.com/symbol/avgo",
"BVSN","BroadVision, Inc.","1.49","7448739.46","n/a","1996","Technology","Computer Software: Prepackaged Software","https://www.nasdaq.com/symbol/bvsn",
"BRKS","Brooks Automation, Inc.","28.08","2020501145.52","n/a","1995","Technology","Industrial Machinery/Components","https://www.nasdaq.com/symbol/brks",
"CCMP","Cabot Microelectronics Corporation","95.67","2746372380.75","n/a","2000","Technology","Semiconductors","https://www.nasdaq.com/symbol/ccmp",
"CACI","CACI International, Inc.","149.62","3717893315.72","n/a","n/a","Technology","EDP Services","https://www.nasdaq.com/symbol/caci",
"CDNS","Cadence Design Systems, Inc.","44.45","12541211900","n/a","n/a","Technology","Computer Software: Prepackaged Software","https://www.nasdaq.com/symbol/cdns",
"CAI","CAI International, Inc.","24.43","471650514.86","n/a","n/a","Technology","Diversified Commercial Services","https://www.nasdaq.com/symbol/cai",
"CAMP","CalAmp Corp.","14.27","488877442.62","n/a","1983","Technology","Radio And Television Broadcasting And Communications Equipment","https://www.nasdaq.com/symbol/camp",
"CSIQ","Canadian Solar Inc.","17.66","1034553969.9","n/a","2006","Technology","Semiconductors","https://www.nasdaq.com/symbol/csiq",
"CBLK","Carbon Black, Inc.","13.82","938617514.42","n/a","2018","Technology","Computer Software: Prepackaged Software","https://www.nasdaq.com/symbol/cblk",
"CARB","Carbonite, Inc.","28.37","980408474.1","n/a","2011","Technology","EDP Services","https://www.nasdaq.com/symbol/carb",
"CDLX","Cardlytics, Inc.","13.43","287556445","n/a","2018","Technology","Computer Software: Programming, Data Processing","https://www.nasdaq.com/symbol/cdlx",
"CARG","CarGurus, Inc.","36.02","3965011252.94","n/a","2017","Technology","EDP Services","https://www.nasdaq.com/symbol/carg",
"CARS","Cars.com Inc.","23.07","1581866113.14","n/a","2017","Technology","EDP Services","https://www.nasdaq.com/symbol/cars",
"CASA","Casa Systems, Inc.","13.76","1138981949.76","n/a","2017","Technology","Radio And Television Broadcasting And Communications Equipment","https://www.nasdaq.com/symbol/casa",
"CSLT","Castlight Health, inc.","2.52","352117722.6","n/a","2014","Technology","EDP Services","https://www.nasdaq.com/symbol/cslt",
"CLS","Celestica, Inc.","9.2","1080849405.2","n/a","1998","Technology","Electrical Products","https://www.nasdaq.com/symbol/cls",
"CRNT","Ceragon Networks Ltd.","3.88","304077120.96","n/a","n/a","Technology","Radio And Television Broadcasting And Communications Equipment","https://www.nasdaq.com/symbol/crnt",
"CDAY","Ceridian HCM Holding Inc.","35.95","4880015458.05","n/a","2018","Technology","Computer Software: Prepackaged Software","https://www.nasdaq.com/symbol/cday",
"CERN","Cerner Corporation","53.88","17752828741.92","n/a","1986","Technology","EDP Services","https://www.nasdaq.com/symbol/cern",
"CEVA","CEVA, Inc.","23.93","524123857.68","n/a","n/a","Technology","Semiconductors","https://www.nasdaq.com/symbol/ceva",
"CYOU","Changyou.com Limited","18.04","352971650.24","19566056","2009","Technology","Computer Software: Prepackaged Software","https://www.nasdaq.com/symbol/cyou",
"ECOM          ","ChannelAdvisor Corporation","11.24","306989903.56","n/a","2013","Technology","Computer Software: Prepackaged Software","https://www.nasdaq.com/symbol/ecom",
"CHKP","Check Point Software Technologies Ltd.","105.39","16760665768.32","n/a","1996","Technology","Computer Software: Prepackaged Software","https://www.nasdaq.com/symbol/chkp",
"CMCM","Cheetah Mobile Inc.","6.22","891539464.18","n/a","2014","Technology","Computer Software: Prepackaged Software","https://www.nasdaq.com/symbol/cmcm",
"CVR","Chicago Rivet & Machine Co.","31.2952","30235294.1664","n/a","n/a","Technology","Industrial Machinery/Components","https://www.nasdaq.com/symbol/cvr",
"CCIH","ChinaCache International Holdings Ltd.","1.15","27785702","24161480","2010","Technology","EDP Services","https://www.nasdaq.com/symbol/ccih",
"CNET","ChinaNet Online Holdings, Inc.","1.75","28231950.25","n/a","n/a","Technology","Computer Software: Programming, Data Processing","https://www.nasdaq.com/symbol/cnet",
"IMOS","ChipMOS TECHNOLOGIES INC.","16.03","88422698.28","5516076","n/a","Technology","Semiconductors","https://www.nasdaq.com/symbol/imos",
"CRUS","Cirrus Logic, Inc.","35.81","2143024347.19","n/a","1989","Technology","Semiconductors","https://www.nasdaq.com/symbol/crus",
"CSCO","Cisco Systems, Inc.","43.49","195529375637.7","n/a","1990","Technology","Computer Communications Equipment","https://www.nasdaq.com/symbol/csco",
"CISN","Cision Ltd.","12.53","1729309844.15","n/a","2017","Technology","Computer Software: Prepackaged Software","https://www.nasdaq.com/symbol/cisn",
"CTXS","Citrix Systems, Inc.","106.14","14303616072.18","n/a","1995","Technology","Computer Software: Prepackaged Software","https://www.nasdaq.com/symbol/ctxs",
"CLDR","Cloudera, Inc.","11.61","3059429862.24","n/a","2017","Technology","Computer Software: Prepackaged Software","https://www.nasdaq.com/symbol/cldr",
"CLPS","CLPS Incorporation","5.2047","71896794.1587","n/a","2018","Technology","Computer Software: Prepackaged Software","https://www.nasdaq.com/symbol/clps",
"CTSH","Cognizant Technology Solutions Corporation","64.92","37590498344.28","n/a","1998","Technology","EDP Services","https://www.nasdaq.com/symbol/ctsh",
"CCNI","Command Center, Inc.","4.255","20062001.62","n/a","n/a","Technology","Professional Services","https://www.nasdaq.com/symbol/ccni",
"COMM","CommScope Holding Company, Inc.","18.79","3611872875.76","n/a","2013","Technology","Radio And Television Broadcasting And Communications Equipment","https://www.nasdaq.com/symbol/comm",
"CVLT","Commvault Systems, Inc.","61.08","2827292662.32","n/a","2006","Technology","Computer Software: Prepackaged Software","https://www.nasdaq.com/symbol/cvlt",
"CPSI","Computer Programs and Systems, Inc.","26.98","380039983.22","n/a","2002","Technology","EDP Services","https://www.nasdaq.com/symbol/cpsi",
"CTG","Computer Task Group, Incorporated","4.615","65904585.955","n/a","n/a","Technology","EDP Services","https://www.nasdaq.com/symbol/ctg",
"CMTL","Comtech Telecommunications Corp.","24.94","596212971.42","n/a","n/a","Technology","Radio And Television Broadcasting And Communications Equipment","https://www.nasdaq.com/symbol/cmtl",
"CTK","CooTek (Cayman) Inc.","13","830916242","n/a","2018","Technology","EDP Services","https://www.nasdaq.com/symbol/ctk",
"CLGX","CoreLogic, Inc.","35.15","2831735424.45","n/a","n/a","Technology","EDP Services","https://www.nasdaq.com/symbol/clgx",
"CSOD","Cornerstone OnDemand, Inc.","53.12","3113481232.64","n/a","2011","Technology","Computer Software: Prepackaged Software","https://www.nasdaq.com/symbol/csod",
"CPAH","CounterPath Corporation","1.48","8838003.52","n/a","n/a","Technology","Computer Software: Prepackaged Software","https://www.nasdaq.com/symbol/cpah",
"COUP","Coupa Software Incorporated","64.99","3863321711.36","n/a","2016","Technology","Computer Software: Prepackaged Software","https://www.nasdaq.com/symbol/coup",
"CRAY","Cray Inc","21.37","872680150.78","n/a","n/a","Technology","Computer Manufacturing","https://www.nasdaq.com/symbol/cray",
"CREX","Creative Realities, Inc.","2.33","6902301.13","n/a","n/a","Technology","EDP Services","https://www.nasdaq.com/symbol/crex",
"CREXW","Creative Realities, Inc.","0.31","0","n/a","n/a","Technology","EDP Services","https://www.nasdaq.com/symbol/crexw",
"CREE","Cree, Inc.","47.06","4826442210.98","n/a","1993","Technology","Semiconductors","https://www.nasdaq.com/symbol/cree",
"CRTO","Criteo S.A.","25.12","1657876014.88","65998249","2013","Technology","Advertising","https://www.nasdaq.com/symbol/crto",
"CCRN","Cross Country Healthcare, Inc.","8.77","317918937.18","n/a","2001","Technology","Professional Services","https://www.nasdaq.com/symbol/ccrn",
"CSGS","CSG Systems International, Inc.","33.79","1126167176.64","n/a","1996","Technology","EDP Services","https://www.nasdaq.com/symbol/csgs",
"CSPI","CSP Inc.","10","40192540","n/a","1982","Technology","EDP Services","https://www.nasdaq.com/symbol/cspi",
"CTS","CTS Corporation","27.57","912209775.51","n/a","n/a","Technology","Electrical Products","https://www.nasdaq.com/symbol/cts",
"CW","Curtiss-Wright Corporation","107.45","4705257742.15","n/a","n/a","Technology","Industrial Machinery/Components","https://www.nasdaq.com/symbol/cw",
"CVV","CVD Equipment Corporation","3.95","25704680.3","n/a","n/a","Technology","Industrial Machinery/Components","https://www.nasdaq.com/symbol/cvv",
"CYBR","CyberArk Software Ltd.","77.92","2772270720.16","n/a","2014","Technology","Computer Software: Prepackaged Software","https://www.nasdaq.com/symbol/cybr",
"CY","Cypress Semiconductor Corporation","13.28","4806696517.92","n/a","1986","Technology","Semiconductors","https://www.nasdaq.com/symbol/cy",
"CYRN","CYREN Ltd.","2.7","145083552.3","n/a","n/a","Technology","Computer Software: Prepackaged Software","https://www.nasdaq.com/symbol/cyrn",
"DQ","DAQO New Energy Corp.","26.48","340633715.28","n/a","2010","Technology","Semiconductors","https://www.nasdaq.com/symbol/dq",
"DTSS","Datasea Inc.","4.0975","78896731.485","n/a","n/a","Technology","Computer Software: Prepackaged Software","https://www.nasdaq.com/symbol/dtss",
"DELL","Dell Technologies Inc.","44.47","31948786884.35","n/a","2018","Technology","Computer Manufacturing","https://www.nasdaq.com/symbol/dell",
"DGII","Digi International Inc.","11.72","323117692.68","n/a","1989","Technology","Computer Communications Equipment","https://www.nasdaq.com/symbol/dgii",
"DMRC","Digimarc Corporation","18.76","222989689.44","n/a","n/a","Technology","EDP Services","https://www.nasdaq.com/symbol/dmrc",
"DGLY","Digital Ally, Inc.","2.98","31065760.96","n/a","n/a","Technology","Radio And Television Broadcasting And Communications Equipment","https://www.nasdaq.com/symbol/dgly",
"DIOD","Diodes Incorporated","32.74","1644230727.22","n/a","n/a","Technology","Semiconductors","https://www.nasdaq.com/symbol/diod",
"DLHC","DLH Holdings Corp.","5.25","62472343.5","n/a","n/a","Technology","Professional Services","https://www.nasdaq.com/symbol/dlhc",
"DOCU","DocuSign, Inc.","43.48","7185098914.2","n/a","2018","Technology","Computer Software: Prepackaged Software","https://www.nasdaq.com/symbol/docu",
"DOMO","Domo, Inc.","22.72","598397610.56","n/a","2018","Technology","Computer Software: Prepackaged Software","https://www.nasdaq.com/symbol/domo",
"DOV","Dover Corporation","77.86","11393461997.64","n/a","n/a","Technology","Industrial Machinery/Components","https://www.nasdaq.com/symbol/dov",
"DBX","Dropbox, Inc.","22.39","9102062508.4","n/a","2018","Technology","Computer Software: Prepackaged Software","https://www.nasdaq.com/symbol/dbx",
"DSPG","DSP Group, Inc.","12.64","280560574.72","n/a","1994","Technology","Semiconductors","https://www.nasdaq.com/symbol/dspg",
"DXC","DXC Technology Company","61.08","17109339970.68","n/a","n/a","Technology","EDP Services","https://www.nasdaq.com/symbol/dxc",
"ETN","Eaton Corporation, PLC","70.22","30433348000","n/a","n/a","Technology","Industrial Machinery/Components","https://www.nasdaq.com/symbol/etn",
"EBIX","Ebix, Inc.","48.48","7579888723.2","n/a","n/a","Technology","EDP Services","https://www.nasdaq.com/symbol/ebix",
"SATS","EchoStar Corporation","38.84","3737772488.04","n/a","n/a","Technology","Radio And Television Broadcasting And Communications Equipment","https://www.nasdaq.com/symbol/sats",
"EGAN","eGain Corporation","6.63","184785280.29","n/a","1999","Technology","Computer Software: Prepackaged Software","https://www.nasdaq.com/symbol/egan",
"ESTC","Elastic N.V.","74.77","5306723363.05","n/a","2018","Technology","Computer Software: Prepackaged Software","https://www.nasdaq.com/symbol/estc",
"EA","Electronic Arts Inc.","90.7","27403072727.2","n/a","n/a","Technology","Computer Software: Prepackaged Software","https://www.nasdaq.com/symbol/ea",
"EFII","Electronics for Imaging, Inc.","26.97","1184835548.67","n/a","1992","Technology","Computer Communications Equipment","https://www.nasdaq.com/symbol/efii",
"ELLI","Ellie Mae, Inc.","67.67","2357717741.01","n/a","2011","Technology","Computer Software: Prepackaged Software","https://www.nasdaq.com/symbol/elli",
"ELTK","Eltek Ltd.","2.6","5274235.2","n/a","1997","Technology","Electrical Products","https://www.nasdaq.com/symbol/eltk",
"EMAN","eMagin Corporation","0.9207","41579984.0511","n/a","n/a","Technology","Semiconductors","https://www.nasdaq.com/symbol/eman",
"EMKR","EMCORE Corporation","4.68","129201667.92","n/a","1997","Technology","Semiconductors","https://www.nasdaq.com/symbol/emkr",
"DAVA","Endava plc","23.3","1235672162","n/a","2018","Technology","EDP Services","https://www.nasdaq.com/symbol/dava",
"EIGI","Endurance International Group Holdings, Inc.","7.35","1057337175.3","n/a","2013","Technology","Computer Software: Prepackaged Software","https://www.nasdaq.com/symbol/eigi",
"WATT","Energous Corporation","7.7","200928420","n/a","2014","Technology","Radio And Television Broadcasting And Communications Equipment","https://www.nasdaq.com/symbol/watt",
"ERII","Energy Recovery, Inc.","7.68","413662387.2","n/a","2008","Technology","Industrial Machinery/Components","https://www.nasdaq.com/symbol/erii",
"ENPH","Enphase Energy, Inc.","5.68","603943647.76","n/a","2012","Technology","Semiconductors","https://www.nasdaq.com/symbol/enph",
"EPAM","EPAM Systems, Inc.","130.48","7047142858.56","n/a","2012","Technology","EDP Services","https://www.nasdaq.com/symbol/epam",
"PLUS","ePlus inc.","75.05","1028540286.7","n/a","1996","Technology","Retail: Computer Software & Peripheral Equipment","https://www.nasdaq.com/symbol/plus",
"ERIC","Ericsson","8.53","2660388117.39","311886063","n/a","Technology","Radio And Television Broadcasting And Communications Equipment","https://www.nasdaq.com/symbol/eric",
"EB","Eventbrite, Inc.","30.5","2386714944.5","n/a","2018","Technology","Computer Software: Programming, Data Processing","https://www.nasdaq.com/symbol/eb",
"EVBG","Everbridge, Inc.","56.98","1689543381.68","n/a","2016","Technology","Computer Software: Prepackaged Software","https://www.nasdaq.com/symbol/evbg",
"EVER","EverQuote, Inc.","5.68","142151048.24","n/a","2018","Technology","Computer Software: Programming, Data Processing","https://www.nasdaq.com/symbol/ever",
"MRAM","Everspin Technologies, Inc.","6.16","105299495.84","n/a","2016","Technology","Semiconductors","https://www.nasdaq.com/symbol/mram",
"EVTC","Evertec, Inc.","28.27","2056399858.59","n/a","2013","Technology","EDP Services","https://www.nasdaq.com/symbol/evtc",
"EVOL","Evolving Systems, Inc.","1.29","15630948.06","n/a","1998","Technology","EDP Services","https://www.nasdaq.com/symbol/evol",
"AQUA","Evoqua Water Technologies Corp.","9.95","1133734183.3","n/a","2017","Technology","Industrial Machinery/Components","https://www.nasdaq.com/symbol/aqua",
"EXTN","Exterran Corporation","19.42","702097280.2","n/a","2015","Technology","Diversified Commercial Services","https://www.nasdaq.com/symbol/extn",
"EXTR","Extreme Networks, Inc.","6.34","750259616.86","n/a","1999","Technology","Computer Communications Equipment","https://www.nasdaq.com/symbol/extr",
"FFIV","F5 Networks, Inc.","163.73","9926493748.22","n/a","1999","Technology","Computer Communications Equipment","https://www.nasdaq.com/symbol/ffiv",
"FB","Facebook, Inc.","143.8","413250658605.6","n/a","2012","Technology","Computer Software: Programming, Data Processing","https://www.nasdaq.com/symbol/fb",
"FDS","FactSet Research Systems Inc.","203.71","7748205593.7","n/a","1996","Technology","Computer Software: Programming, Data Processing","https://www.nasdaq.com/symbol/fds",
"SFUN","Fang Holdings Limited","1.86","831093570","n/a","2010","Technology","EDP Services","https://www.nasdaq.com/symbol/sfun",
"FNSR","Finisar Corporation","21.7","2547661722.2","n/a","1999","Technology","Semiconductors","https://www.nasdaq.com/symbol/fnsr",
"FEYE","FireEye, Inc.","16.78","3305911465.08","n/a","2013","Technology","Computer peripheral equipment","https://www.nasdaq.com/symbol/feye",
"FSLR","First Solar, Inc.","47.5","4978711407.5","n/a","2006","Technology","Semiconductors","https://www.nasdaq.com/symbol/fslr",
"FISV","Fiserv, Inc.","74.1","29526684575.7","n/a","1986","Technology","EDP Services","https://www.nasdaq.com/symbol/fisv",
"FIT","Fitbit, Inc.","5.99","1488702361.21","n/a","2015","Technology","Computer Manufacturing","https://www.nasdaq.com/symbol/fit",
"FIVN","Five9, Inc.","46.38","2725843319.28","n/a","2014","Technology","EDP Services","https://www.nasdaq.com/symbol/fivn",
"FLEX","Flex Ltd.","8.04","4233754816.8","n/a","1994","Technology","Electrical Products","https://www.nasdaq.com/symbol/flex",
"FPAY","FlexShopper, Inc.","0.805","14151795.35","n/a","n/a","Technology","Diversified Commercial Services","https://www.nasdaq.com/symbol/fpay",
"FPAYW","FlexShopper, Inc.","0.23","0","n/a","n/a","Technology","Diversified Commercial Services","https://www.nasdaq.com/symbol/fpayw",
"FSCT","ForeScout Technologies, Inc.","26.49","1135420207.8","n/a","2017","Technology","Computer peripheral equipment","https://www.nasdaq.com/symbol/fsct",
"FRSX","Foresight Autonomous Holdings Ltd.","1.79","2706705.54","1512126","n/a","Technology","Computer Software: Prepackaged Software","https://www.nasdaq.com/symbol/frsx",
"FORM","FormFactor, Inc.","14.12","1046324970.2","n/a","2003","Technology","Semiconductors","https://www.nasdaq.com/symbol/form",
"FORTY","Formula Systems (1985) Ltd.","39.25","6270266","159752","n/a","Technology","EDP Services","https://www.nasdaq.com/symbol/forty",
"FTNT","Fortinet, Inc.","73.27","12483024920.35","n/a","2009","Technology","Computer peripheral equipment","https://www.nasdaq.com/symbol/ftnt",
"FSNN","Fusion Connect, Inc.","1.89","155193513.3","n/a","n/a","Technology","Computer Software: Prepackaged Software","https://www.nasdaq.com/symbol/fsnn",
"GDI","Gardner Denver Holdings, Inc.","22.71","4513901757.27","n/a","2017","Technology","Industrial Machinery/Components","https://www.nasdaq.com/symbol/gdi",
"GTES","Gates Industrial Corporation plc","14.66","4248587479","n/a","2018","Technology","Industrial Machinery/Components","https://www.nasdaq.com/symbol/gtes",
"GDS","GDS Holdings Limited","27.53","1397939345.39","50778763","2016","Technology","Computer Software: Programming, Data Processing","https://www.nasdaq.com/symbol/gds",
"JOB","GEE Group Inc.","1.04","11652820.4","n/a","n/a","Technology","Diversified Commercial Services","https://www.nasdaq.com/symbol/job",
"GFN","General Finance Corporation","11.16","337957900.56","n/a","n/a","Technology","Diversified Commercial Services","https://www.nasdaq.com/symbol/gfn",
"GFNCP","General Finance Corporation","100.28","0","n/a","n/a","Technology","Diversified Commercial Services","https://www.nasdaq.com/symbol/gfncp",
"GFNSL","General Finance Corporation","25.23","0","n/a","n/a","Technology","Diversified Commercial Services","https://www.nasdaq.com/symbol/gfnsl",
"GIGM","GigaMedia Limited","2.94","32493570.9","n/a","n/a","Technology","Computer Software: Programming, Data Processing","https://www.nasdaq.com/symbol/gigm",
"GILT","Gilat Satellite Networks Ltd.","9.1129","499387949.7577","n/a","n/a","Technology","Radio And Television Broadcasting And Communications Equipment","https://www.nasdaq.com/symbol/gilt",
"GSB","GlobalSCAPE, Inc.","4.64","83372763.52","n/a","n/a","Technology","Computer Software: Prepackaged Software","https://www.nasdaq.com/symbol/gsb",
"GLOB","Globant S.A.","60.25","2162975000","n/a","2014","Technology","EDP Services","https://www.nasdaq.com/symbol/glob",
"GLUU","Glu Mobile Inc.","9.38","1343656747.44","n/a","2007","Technology","EDP Services","https://www.nasdaq.com/symbol/gluu",
"GDDY","GoDaddy Inc.","63.06","10941956796","n/a","2015","Technology","EDP Services","https://www.nasdaq.com/symbol/gddy",
"GHM","Graham Corporation","23.74","233423502.52","n/a","n/a","Technology","Industrial Machinery/Components","https://www.nasdaq.com/symbol/ghm",
"GEC","Great Elm Capital Group, Inc. ","3.5","90670961.5","n/a","n/a","Technology","Computer Software: Prepackaged Software","https://www.nasdaq.com/symbol/gec",
"GRNQ","Greenpro Capital Corp.","4.6","251690320.2","n/a","n/a","Technology","EDP Services","https://www.nasdaq.com/symbol/grnq",
"GSUM","Gridsum Holding Inc.","1.49","23647821.29","15871021","2016","Technology","Computer Software: Prepackaged Software","https://www.nasdaq.com/symbol/gsum",
"GRPN","Groupon, Inc.","3.59","2049100253.85","n/a","2011","Technology","Advertising","https://www.nasdaq.com/symbol/grpn",
"GVP","GSE Systems, Inc.","2.58","51169405.74","n/a","n/a","Technology","Computer Software: Prepackaged Software","https://www.nasdaq.com/symbol/gvp",
"GSIT","GSI Technology, Inc.","6.72","147488033.28","n/a","2007","Technology","Semiconductors","https://www.nasdaq.com/symbol/gsit",
"GTYH","GTY Technology Holdings, Inc.","10.14","354783004.68","n/a","2016","Technology","EDP Services","https://www.nasdaq.com/symbol/gtyh",
"GTYHU","GTY Technology Holdings, Inc.","10.1","0","n/a","2016","Technology","EDP Services","https://www.nasdaq.com/symbol/gtyhu",
"GTYHW","GTY Technology Holdings, Inc.","0.7","0","n/a","2016","Technology","EDP Services","https://www.nasdaq.com/symbol/gtyhw",
"GWRE","Guidewire Software, Inc.","82.9","6717557110.8","n/a","2012","Technology","Computer Software: Prepackaged Software","https://www.nasdaq.com/symbol/gwre",
"HQCL","Hanwha Q CELLS Co., Ltd. ","9.8","53914945","5501525","n/a","Technology","Semiconductors","https://www.nasdaq.com/symbol/hqcl",
"HLIT","Harmonic Inc.","4.8","416149118.4","n/a","1995","Technology","Radio And Television Broadcasting And Communications Equipment","https://www.nasdaq.com/symbol/hlit",
"HHS","Harte-Hanks, Inc.","3.2","20012873.6","n/a","1993","Technology","Advertising","https://www.nasdaq.com/symbol/hhs",
"HSTM","HealthStream, Inc.","24.79","801346889.11","n/a","2000","Technology","Computer Software: Programming, Data Processing","https://www.nasdaq.com/symbol/hstm",
"HSII","Heidrick & Struggles International, Inc.","33.44","633978025.12","n/a","1999","Technology","Diversified Commercial Services","https://www.nasdaq.com/symbol/hsii",
"HPE","Hewlett Packard Enterprise Company","14.24","19917180772","n/a","2015","Technology","Computer Manufacturing","https://www.nasdaq.com/symbol/hpe",
"HIMX","Himax Technologies, Inc.","3.96","427993303.32","108079117","2006","Technology","Semiconductors","https://www.nasdaq.com/symbol/himx",
"HPQ","HP Inc.","21.17","32887478713.19","n/a","n/a","Technology","Computer Manufacturing","https://www.nasdaq.com/symbol/hpq",
"HMI","Huami Corporation","10.19","605633642.04","n/a","2018","Technology","Computer Manufacturing","https://www.nasdaq.com/symbol/hmi",
"HUBS","HubSpot, Inc.","140","5492517660","n/a","2014","Technology","Computer Software: Prepackaged Software","https://www.nasdaq.com/symbol/hubs",
"HSON","Hudson Global, Inc.","1.3999","44863089.4647","n/a","n/a","Technology","Professional Services","https://www.nasdaq.com/symbol/hson",
"HUYA","HUYA Inc.","20.2","4116700571.6","n/a","2018","Technology","Computer Software: Programming, Data Processing","https://www.nasdaq.com/symbol/huya",
"ICHR","Ichor Holdings","18.38","420038599.5","n/a","2016","Technology","Semiconductors","https://www.nasdaq.com/symbol/ichr",
"ICLK","iClick Interactive Asia Group Limited","3.45","60671072.1","17585818","2017","Technology","Computer Software: Prepackaged Software","https://www.nasdaq.com/symbol/iclk",
"INVE","Identiv, Inc.","4.49","69516043.35","n/a","n/a","Technology","Computer peripheral equipment","https://www.nasdaq.com/symbol/inve",
"IEC","IEC Electronics Corp.","6.5","66659508.5","n/a","n/a","Technology","Electrical Products","https://www.nasdaq.com/symbol/iec",
"INFO","IHS Markit Ltd.","49.78","19621545099.62","n/a","2014","Technology","Computer Software: Programming, Data Processing","https://www.nasdaq.com/symbol/info",
"ITW","Illinois Tool Works Inc.","130.31","43237052292.21","n/a","n/a","Technology","Industrial Machinery/Components","https://www.nasdaq.com/symbol/itw",
"IMMR","Immersion Corporation","9.42","290166558.48","n/a","1999","Technology","Computer peripheral equipment","https://www.nasdaq.com/symbol/immr",
"INFY","Infosys Limited","10.41","45477624618.18","n/a","n/a","Technology","EDP Services","https://www.nasdaq.com/symbol/infy",
"INOD","Innodata Inc.","1.6","41403926.4","n/a","1993","Technology","EDP Services","https://www.nasdaq.com/symbol/inod",
"ISSC","Innovative Solutions and Support, Inc.","2.19","36880911.81","n/a","2000","Technology","EDP Services","https://www.nasdaq.com/symbol/issc",
"INOV","Inovalon Holdings, Inc.","13.97","2129241042.5","n/a","2015","Technology","EDP Services","https://www.nasdaq.com/symbol/inov",
"IPHI","Inphi Corporation","34.38","1516555192.14","n/a","2010","Technology","Semiconductors","https://www.nasdaq.com/symbol/iphi",
"INPX","Inpixon ","3.41","5394210.8","n/a","2014","Technology","EDP Services","https://www.nasdaq.com/symbol/inpx",
"NSP","Insperity, Inc.","95.21","3980736288.65","n/a","n/a","Technology","Professional Services","https://www.nasdaq.com/symbol/nsp",
"INSE","Inspired Entertainment, Inc.","5.6315","120991127.4705","n/a","2014","Technology","Computer Software: Prepackaged Software","https://www.nasdaq.com/symbol/inse",
"INST","Instructure, Inc.","40.51","1420206385.68","n/a","2015","Technology","Computer Software: Prepackaged Software","https://www.nasdaq.com/symbol/inst",
"IDTI","Integrated Device Technology, Inc.","48.43","6248453758.59","n/a","1984","Technology","Semiconductors","https://www.nasdaq.com/symbol/idti",
"INTC","Intel Corporation","48.93","223316520000","n/a","n/a","Technology","Semiconductors","https://www.nasdaq.com/symbol/intc",
"IDN","Intellicheck, Inc.","2.25","35187221.25","n/a","1999","Technology","Computer Software: Prepackaged Software","https://www.nasdaq.com/symbol/idn",
"INS","Intelligent Systems Corporation","17.8","156960186.4","n/a","1992","Technology","Computer Software: Prepackaged Software","https://www.nasdaq.com/symbol/ins",
"LINK","Interlink Electronics, Inc.","2.2798","14779450.9632","n/a","n/a","Technology","Computer peripheral equipment","https://www.nasdaq.com/symbol/link",
"IMI","Intermolecular, Inc.","1.19","59205494.04","n/a","2011","Technology","Semiconductors","https://www.nasdaq.com/symbol/imi",
"INAP","Internap Corporation","5.25","133940698.5","n/a","1999","Technology","Computer Software: Programming, Data Processing","https://www.nasdaq.com/symbol/inap",
"IBM","International Business Machines Corporation","121.46","110382092154.42","n/a","n/a","Technology","Computer Manufacturing","https://www.nasdaq.com/symbol/ibm",
"IIJI","Internet Initiative Japan, Inc.","11.55","19823057.1","1716282","n/a","Technology","Computer Software: Programming, Data Processing","https://www.nasdaq.com/symbol/iiji",
"IPG","Interpublic Group of Companies, Inc. (The)","22.28","8563351420","n/a","n/a","Technology","Advertising","https://www.nasdaq.com/symbol/ipg",
"INXN","InterXion Holding N.V.","57.15","4096111950","n/a","2011","Technology","Computer Software: Programming, Data Processing","https://www.nasdaq.com/symbol/inxn",
"IVAC","Intevac, Inc.","5.3","120916812.9","n/a","1995","Technology","Industrial Machinery/Components","https://www.nasdaq.com/symbol/ivac",
"INTU","Intuit Inc.","206.15","53503195498.2","n/a","1993","Technology","Computer Software: Prepackaged Software","https://www.nasdaq.com/symbol/intu",
"IPAS","iPass Inc.","2.4221","19275042.7348","n/a","2018","Technology","EDP Services","https://www.nasdaq.com/symbol/ipas",
"IPGP","IPG Photonics Corporation","127.88","6828813867.48","n/a","2006","Technology","Semiconductors","https://www.nasdaq.com/symbol/ipgp",
"JCOM","j2 Global, Inc.","72.22","3559604203.68","n/a","1999","Technology","Telecommunications Equipment","https://www.nasdaq.com/symbol/jcom",
"JBL","Jabil Inc.","24.55","3798256392.4","n/a","1993","Technology","Electrical Products","https://www.nasdaq.com/symbol/jbl",
"JKHY","Jack Henry & Associates, Inc.","126.73","9796015840.14","n/a","1985","Technology","EDP Services","https://www.nasdaq.com/symbol/jkhy",
"JT","Jianpu Technology Inc.","4.98","836726905.98","n/a","2017","Technology","Computer Software: Programming, Data Processing","https://www.nasdaq.com/symbol/jt",
"JKS","JinkoSolar Holding Company Limited","12.32","483097802.88","n/a","2010","Technology","Semiconductors","https://www.nasdaq.com/symbol/jks",
"JMU","JMU Limited","0.7227","1744333.2918","2413634","2015","Technology","EDP Services","https://www.nasdaq.com/symbol/jmu",
"JBT","John Bean Technologies Corporation","78.23","2472685704.08","n/a","n/a","Technology","Industrial Machinery/Components","https://www.nasdaq.com/symbol/jbt",
"JNPR","Juniper Networks, Inc.","28.13","9709193272","n/a","1999","Technology","Computer Communications Equipment","https://www.nasdaq.com/symbol/jnpr",
"KAI","Kadant Inc","83.08","922794151.68","n/a","n/a","Technology","Industrial Machinery/Components","https://www.nasdaq.com/symbol/kai",
"KELYA","Kelly Services, Inc.","22.38","869841982.92","n/a","n/a","Technology","Professional Services","https://www.nasdaq.com/symbol/kelya",
"KELYB","Kelly Services, Inc.","22.01","855461217.34","n/a","n/a","Technology","Professional Services","https://www.nasdaq.com/symbol/kelyb",
"KTCC","Key Tronic Corporation","6.04","64988467.2","n/a","1983","Technology","Computer peripheral equipment","https://www.nasdaq.com/symbol/ktcc",
"KFRC","Kforce, Inc.","32.74","853375662.94","n/a","1995","Technology","Professional Services","https://www.nasdaq.com/symbol/kfrc",
"KE","Kimball Electronics, Inc.","15.85","416601209.8","n/a","n/a","Technology","Electrical Products","https://www.nasdaq.com/symbol/ke",
"KOPN","Kopin Corporation","1.4","102389354.2","n/a","1992","Technology","Semiconductors","https://www.nasdaq.com/symbol/kopn",
"KFY","Korn Ferry ","43.47","2463664684.32","n/a","1999","Technology","Diversified Commercial Services","https://www.nasdaq.com/symbol/kfy",
"KLIC","Kulicke and Soffa Industries, Inc.","21.5","1444197204.5","n/a","n/a","Technology","Semiconductors","https://www.nasdaq.com/symbol/klic",
"KVHI","KVH Industries, Inc.","11.14","197594981.34","n/a","1996","Technology","Radio And Television Broadcasting And Communications Equipment","https://www.nasdaq.com/symbol/kvhi",
"LLL","L3 Technologies, Inc.","175.58","13817716004.58","n/a","n/a","Technology","Radio And Television Broadcasting And Communications Equipment","https://www.nasdaq.com/symbol/lll",
"LRCX","Lam Research Corporation","144.11","22363394172.66","n/a","1984","Technology","Industrial Machinery/Components","https://www.nasdaq.com/symbol/lrcx",
"LTRX","Lantronix, Inc.","3.66","80512105.38","n/a","2000","Technology","Computer Communications Equipment","https://www.nasdaq.com/symbol/ltrx",
"LSCC","Lattice Semiconductor Corporation","7.4","958485318.2","n/a","n/a","Technology","Semiconductors","https://www.nasdaq.com/symbol/lscc",
"LEAF","Leaf Group Ltd.","7.9","199982709.3","n/a","n/a","Technology","EDP Services","https://www.nasdaq.com/symbol/leaf",
"LDOS","Leidos Holdings, Inc.","55.42","8299702580.62","n/a","n/a","Technology","EDP Services","https://www.nasdaq.com/symbol/ldos",
"LTRPA","Liberty TripAdvisor Holdings, Inc.","16.5","1238490907.5","n/a","n/a","Technology","EDP Services","https://www.nasdaq.com/symbol/ltrpa",
"LTRPB","Liberty TripAdvisor Holdings, Inc.","15.32","1149920042.6","n/a","n/a","Technology","EDP Services","https://www.nasdaq.com/symbol/ltrpb",
"LPTH","LightPath Technologies, Inc.","1.66","42802228.5","n/a","1996","Technology","Semiconductors","https://www.nasdaq.com/symbol/lpth",
"LECO","Lincoln Electric Holdings, Inc.","82.44","5312897984.52","n/a","n/a","Technology","Industrial Machinery/Components","https://www.nasdaq.com/symbol/leco",
"LN","LINE Corporation","36.7","8745456740.8","n/a","2016","Technology","Computer Software: Programming, Data Processing","https://www.nasdaq.com/symbol/ln",
"LIQT","LiqTech International, Inc.","1.71","124668485.37","n/a","n/a","Technology","Industrial Machinery/Components","https://www.nasdaq.com/symbol/liqt",
"LPSN","LivePerson, Inc.","19.97","1266411189.51","n/a","2000","Technology","Computer Software: Prepackaged Software","https://www.nasdaq.com/symbol/lpsn",
"RAMP","LiveRamp Holdings, Inc.","41.36","2813086833.92","n/a","n/a","Technology","EDP Services","https://www.nasdaq.com/symbol/ramp",
"LOGI","Logitech International S.A.","33.33","5521787932.65","n/a","1997","Technology","Computer peripheral equipment","https://www.nasdaq.com/symbol/logi",
"LOGM","LogMein, Inc.","86.7","4439040000","n/a","2009","Technology","Computer Software: Prepackaged Software","https://www.nasdaq.com/symbol/logm",
"LORL","Loral Space and Communications, Inc.","39.38","1218131734.38","n/a","n/a","Technology","Radio And Television Broadcasting And Communications Equipment","https://www.nasdaq.com/symbol/lorl",
"LKCO","Luokung Technology Corp","44","0","n/a","n/a","Technology","EDP Services","https://www.nasdaq.com/symbol/lkco",
"LXFT","Luxoft Holding, Inc.","57.24","1945754111.16","n/a","2013","Technology","EDP Services","https://www.nasdaq.com/symbol/lxft",
"MTSI","MACOM Technology Solutions Holdings, Inc.","16.78","1093927750.46","n/a","2012","Technology","Semiconductors","https://www.nasdaq.com/symbol/mtsi",
"MGIC","Magic Software Enterprises Ltd.","7.97","388597243.12","n/a","1991","Technology","Computer Software: Prepackaged Software","https://www.nasdaq.com/symbol/mgic",
"MX","MagnaChip Semiconductor Corporation","6.56","227120070.72","n/a","2011","Technology","Semiconductors","https://www.nasdaq.com/symbol/mx",
"MNGA","MagneGas Applied Technology Solutions, Inc.","0.1898","26139735.8144","n/a","n/a","Technology","Industrial Machinery/Components","https://www.nasdaq.com/symbol/mnga",
"MJCO","Majesco","7.35","269493166.95","n/a","2015","Technology","Computer Software: Prepackaged Software","https://www.nasdaq.com/symbol/mjco",
"MAMS","MAM Software Group, Inc.","8.1","101857564.8","n/a","n/a","Technology","Computer Software: Prepackaged Software","https://www.nasdaq.com/symbol/mams",
"MANH","Manhattan Associates, Inc.","45.75","2991064956.75","n/a","1998","Technology","Computer Software: Prepackaged Software","https://www.nasdaq.com/symbol/manh",
"MNTX","Manitex International, Inc.","6.93","135981776.7","n/a","n/a","Technology","Industrial Machinery/Components","https://www.nasdaq.com/symbol/mntx",
"MAN","ManpowerGroup","70.99","4389418043.02","n/a","n/a","Technology","Professional Services","https://www.nasdaq.com/symbol/man",
"MRIN","Marin Software Incorporated","5.54","32087680","n/a","n/a","Technology","EDP Services","https://www.nasdaq.com/symbol/mrin",
"MRVL","Marvell Technology Group Ltd.","17.33","11392742000","n/a","2000","Technology","Semiconductors","https://www.nasdaq.com/symbol/mrvl",
"MTCH","Match Group, Inc.","44.69","12427669194.39","n/a","2015","Technology","Computer Software: Programming, Data Processing","https://www.nasdaq.com/symbol/mtch",
"MTLS","Materialise NV","19.49","330161964.3","16940070","2014","Technology","Computer Software: Prepackaged Software","https://www.nasdaq.com/symbol/mtls",
"MAXR","Maxar Technologies Inc.","5.83","344941732.74","n/a","n/a","Technology","Radio And Television Broadcasting And Communications Equipment","https://www.nasdaq.com/symbol/maxr",
"MXIM","Maxim Integrated Products, Inc.","52.86","14645543572.5","n/a","1988","Technology","Semiconductors","https://www.nasdaq.com/symbol/mxim",
"MXL","MaxLinear, Inc","19","1310330535","n/a","2010","Technology","Semiconductors","https://www.nasdaq.com/symbol/mxl",
"MGRC","McGrath RentCorp","51.43","1243368594.2","n/a","1984","Technology","Diversified Commercial Services","https://www.nasdaq.com/symbol/mgrc",
"MDCA","MDC Partners Inc.","2.87","143313722.65","n/a","n/a","Technology","Advertising","https://www.nasdaq.com/symbol/mdca",
"MTBC","Medical Transcription Billing, Corp.","4.5","53233911","n/a","2014","Technology","Computer Software: Prepackaged Software","https://www.nasdaq.com/symbol/mtbc",
"MTBCP","Medical Transcription Billing, Corp.","26.45","24579958.55","n/a","n/a","Technology","Computer Software: Prepackaged Software","https://www.nasdaq.com/symbol/mtbcp",
"MDSO","Medidata Solutions, Inc.","67.18","4110774565.36","n/a","2009","Technology","Computer Software: Prepackaged Software","https://www.nasdaq.com/symbol/mdso",
"MLNX","Mellanox Technologies, Ltd.","85.7","4586727503.7","n/a","2007","Technology","Semiconductors","https://www.nasdaq.com/symbol/mlnx",
"MFGP","Micro Focus Intl PLC","19.28","8030987465.04","n/a","2017","Technology","Computer Software: Prepackaged Software","https://www.nasdaq.com/symbol/mfgp",
"MCHP","Microchip Technology Incorporated","77.13","18241990384.32","n/a","1993","Technology","Semiconductors","https://www.nasdaq.com/symbol/mchp",
"MU","Micron Technology, Inc.","36.01","40368895592.09","n/a","n/a","Technology","Semiconductors","https://www.nasdaq.com/symbol/mu",
"MSFT","Microsoft Corporation","102.8","789115286060.8","n/a","1986","Technology","Computer Software: Prepackaged Software","https://www.nasdaq.com/symbol/msft",
"MSTR","MicroStrategy Incorporated","133.86","1535025360.84","n/a","1998","Technology","Computer Software: Prepackaged Software","https://www.nasdaq.com/symbol/mstr",
"MCRN","Milacron Holdings Corp.","13.48","953264512.96","n/a","2015","Technology","Industrial Machinery/Components","https://www.nasdaq.com/symbol/mcrn",
"MIME","Mimecast Limited","33.47","2010322633.93","n/a","2015","Technology","Computer Software: Prepackaged Software","https://www.nasdaq.com/symbol/mime",
"MNDO","MIND C.T.I. Ltd.","2.49","48075470.82","n/a","n/a","Technology","EDP Services","https://www.nasdaq.com/symbol/mndo",
"MB","MINDBODY, Inc.","36.79","1764023438.71","n/a","2015","Technology","EDP Services","https://www.nasdaq.com/symbol/mb",
"MIND","Mitcham Industries, Inc.","3.75","45447746.25","n/a","1994","Technology","Diversified Commercial Services","https://www.nasdaq.com/symbol/mind",
"MINDP","Mitcham Industries, Inc.","22.78","0","n/a","n/a","Technology","Diversified Commercial Services","https://www.nasdaq.com/symbol/mindp",
"MITK","Mitek Systems, Inc.","10.89","419873783.67","n/a","n/a","Technology","Computer peripheral equipment","https://www.nasdaq.com/symbol/mitk",
"MIXT","MiX Telematics Limited","15.3","348690672","n/a","2013","Technology","Computer Software: Prepackaged Software","https://www.nasdaq.com/symbol/mixt",
"MTC","MMTec, Inc.","8.9","176220000","n/a","2019","Technology","Computer Software: Prepackaged Software","https://www.nasdaq.com/symbol/mtc",
"MOBL","MobileIron, Inc.","4.62","487662690.9","n/a","2014","Technology","Computer Software: Prepackaged Software","https://www.nasdaq.com/symbol/mobl",
"MODN","Model N, Inc.","13.8","435124929.6","n/a","2013","Technology","Computer Software: Programming, Data Processing","https://www.nasdaq.com/symbol/modn",
"MOMO","Momo Inc.","26.98","4161672230.64","154250268","2014","Technology","Computer Software: Prepackaged Software","https://www.nasdaq.com/symbol/momo",
"MDB","MongoDB, Inc.","74.48","3992392552.96","n/a","2017","Technology","Computer Software: Prepackaged Software","https://www.nasdaq.com/symbol/mdb",
"MPWR","Monolithic Power Systems, Inc.","124.17","5266298040","n/a","2004","Technology","Semiconductors","https://www.nasdaq.com/symbol/mpwr",
"TYPE","Monotype Imaging Holdings Inc.","16.14","670495788.6","n/a","2007","Technology","EDP Services","https://www.nasdaq.com/symbol/type",
"MOSY","MoSys, Inc.","0.1725","7395751.0275","n/a","2001","Technology","Semiconductors","https://www.nasdaq.com/symbol/mosy",
"MSI","Motorola Solutions, Inc.","116","18965379516","n/a","n/a","Technology","Radio And Television Broadcasting And Communications Equipment","https://www.nasdaq.com/symbol/msi",
"MOXC","Moxian, Inc.","0.4827","32513331.0594","n/a","n/a","Technology","Computer Software: Programming, Data Processing","https://www.nasdaq.com/symbol/moxc",
"MTEC","MTech Acquisition Corp.","10.1106","75134396.25","n/a","2018","Technology","EDP Services","https://www.nasdaq.com/symbol/mtec",
"MTECU","MTech Acquisition Corp.","10.6","0","n/a","2018","Technology","EDP Services","https://www.nasdaq.com/symbol/mtecu",
"MTECW","MTech Acquisition Corp.","0.65","0","n/a","2018","Technology","EDP Services","https://www.nasdaq.com/symbol/mtecw",
"MYSZ","My Size, Inc.","0.896","26747740.544","n/a","n/a","Technology","Computer Software: Prepackaged Software","https://www.nasdaq.com/symbol/mysz",
"NNDM","Nano Dimension Ltd.","1.22","11317566.68","9276694","n/a","Technology","Electrical Products","https://www.nasdaq.com/symbol/nndm",
"NH","NantHealth, Inc.","0.7478","81877576.9406","n/a","2016","Technology","EDP Services","https://www.nasdaq.com/symbol/nh",
"NATI","National Instruments Corporation","47.05","6230953547.7","n/a","1995","Technology","Computer Software: Prepackaged Software","https://www.nasdaq.com/symbol/nati",
"NPTN","NeoPhotonics Corporation","7.18","330633808.86","n/a","2011","Technology","Semiconductors","https://www.nasdaq.com/symbol/nptn",
"NETE","Net Element, Inc.","6.29","24298389.51","n/a","n/a","Technology","EDP Services","https://www.nasdaq.com/symbol/nete",
"NTAP","NetApp, Inc.","61.65","15528769557.3","n/a","1995","Technology","Electronic Components","https://www.nasdaq.com/symbol/ntap",
"NTCT","NetScout Systems, Inc.","25.18","1956604950.32","n/a","1999","Technology","EDP Services","https://www.nasdaq.com/symbol/ntct",
"NTWK","NetSol Technologies Inc.","7.39","87145540.4","n/a","n/a","Technology","Computer Software: Prepackaged Software","https://www.nasdaq.com/symbol/ntwk",
"NEWR","New Relic, Inc.","86.84","4946234456.8","n/a","2014","Technology","Computer Software: Prepackaged Software","https://www.nasdaq.com/symbol/newr",
"NXGN","NextGen Healthcare, Inc.","16.66","1077376110.44","n/a","n/a","Technology","EDP Services","https://www.nasdaq.com/symbol/nxgn",
"NICE","NICE Ltd","107.62","4528224716.24","42076052","n/a","Technology","Computer Manufacturing","https://www.nasdaq.com/symbol/nice",
"LASR","nLIGHT, Inc.","17.68","646590502.48","n/a","2018","Technology","Semiconductors","https://www.nasdaq.com/symbol/lasr",
"NOK","Nokia Corporation","6.08","33999409369.6","n/a","1994","Technology","Radio And Television Broadcasting And Communications Equipment","https://www.nasdaq.com/symbol/nok",
"NUAN","Nuance Communications, Inc.","15.14","4351678890.42","n/a","n/a","Technology","Computer Software: Prepackaged Software","https://www.nasdaq.com/symbol/nuan",
"NTNX","Nutanix, Inc.","45.46","8143564428.66","n/a","2016","Technology","Computer Software: Prepackaged Software","https://www.nasdaq.com/symbol/ntnx",
"NVEC","NVE Corporation","91.3","442258113","n/a","n/a","Technology","Semiconductors","https://www.nasdaq.com/symbol/nvec",
"NVT","nVent Electric plc","23.25","4171654337.25","n/a","2018","Technology","Industrial Machinery/Components","https://www.nasdaq.com/symbol/nvt",
"NVDA","NVIDIA Corporation","148.83","90786300000","n/a","1999","Technology","Semiconductors","https://www.nasdaq.com/symbol/nvda",
"NXPI","NXP Semiconductors N.V.","79.48","23486479805.32","n/a","2010","Technology","Semiconductors","https://www.nasdaq.com/symbol/nxpi",
"OIIM","O2Micro International Limited","1.57","52396382.44","33373492","n/a","Technology","Semiconductors","https://www.nasdaq.com/symbol/oiim",
"OKTA","Okta, Inc.","68.41","7555106267.84","n/a","2017","Technology","Computer Software: Prepackaged Software","https://www.nasdaq.com/symbol/okta",
"OMCL","Omnicell, Inc.","64.43","2553118063.33","n/a","2001","Technology","Computer Manufacturing","https://www.nasdaq.com/symbol/omcl",
"OMC","Omnicom Group Inc.","76.51","17146325194.25","n/a","n/a","Technology","Advertising","https://www.nasdaq.com/symbol/omc",
"ON","ON Semiconductor Corporation","18.49","7782979336.35","n/a","n/a","Technology","Semiconductors","https://www.nasdaq.com/symbol/on",
"OTIV","On Track Innovations Ltd","0.7958","32862065.2166","n/a","n/a","Technology","Semiconductors","https://www.nasdaq.com/symbol/otiv",
"OSS","One Stop Systems, Inc.","2.33","33049109.11","n/a","2018","Technology","Computer Manufacturing","https://www.nasdaq.com/symbol/oss",
"OSPN","OneSpan Inc.","13.78","554732916.4","n/a","n/a","Technology","EDP Services","https://www.nasdaq.com/symbol/ospn",
"OOMA","Ooma, Inc.","14.56","292656000","n/a","2015","Technology","EDP Services","https://www.nasdaq.com/symbol/ooma",
"OTEX","Open Text Corporation","34.49","9261076038.33","n/a","1996","Technology","EDP Services","https://www.nasdaq.com/symbol/otex",
"ORCL","Oracle Corporation","48.29","173308898510","n/a","1986","Technology","Computer Software: Prepackaged Software","https://www.nasdaq.com/symbol/orcl",
"OSIS","OSI Systems, Inc.","76.56","1389803096.88","n/a","1997","Technology","Semiconductors","https://www.nasdaq.com/symbol/osis",
"PFIN","P & F Industries, Inc.","8.05","28884937.55","n/a","n/a","Technology","Industrial Machinery/Components","https://www.nasdaq.com/symbol/pfin",
"PAGS","PagSeguro Digital Ltd.","21.89","7174885759.69","n/a","2018","Technology","EDP Services","https://www.nasdaq.com/symbol/pags",
"PANW","Palo Alto Networks, Inc.","195.97","18593804093.9","n/a","2012","Technology","Computer peripheral equipment","https://www.nasdaq.com/symbol/panw",
"TEUM","Pareteum Corporation","2.23","218211991.53","n/a","n/a","Technology","EDP Services","https://www.nasdaq.com/symbol/teum",
"PCYG","Park City Group, Inc.","7.52","148929088","n/a","n/a","Technology","EDP Services","https://www.nasdaq.com/symbol/pcyg",
"PKE","Park Electrochemical Corporation","22.16","449391681.28","n/a","n/a","Technology","Electrical Products","https://www.nasdaq.com/symbol/pke",
"PAYC","Paycom Software, Inc.","127.3","7461518026.9","n/a","2014","Technology","Computer Software: Prepackaged Software","https://www.nasdaq.com/symbol/payc",
"PCTY","Paylocity Holding Corporation","62.52","3300968597.04","n/a","2014","Technology","Computer Software: Prepackaged Software","https://www.nasdaq.com/symbol/pcty",
"PCTI","PC-Tel, Inc.","4.73","86731848.39","n/a","1999","Technology","Radio And Television Broadcasting And Communications Equipment","https://www.nasdaq.com/symbol/pcti",
"PDFS","PDF Solutions, Inc.","9.28","299507759.04","n/a","2001","Technology","EDP Services","https://www.nasdaq.com/symbol/pdfs",
"PEGA","Pegasystems Inc.","51.63","4063314611.13","n/a","1996","Technology","EDP Services","https://www.nasdaq.com/symbol/pega",
"PNR","Pentair plc.","40.45","7022161663.5","n/a","n/a","Technology","Industrial Machinery/Components","https://www.nasdaq.com/symbol/pnr",
"PRFT","Perficient, Inc.","23.96","795035592.56","n/a","1999","Technology","EDP Services","https://www.nasdaq.com/symbol/prft",
"PERI","Perion Network Ltd","2.98","77377270.46","n/a","n/a","Technology","EDP Services","https://www.nasdaq.com/symbol/peri",
"PRSP","Perspecta Inc.","18.91","3100941732.57","n/a","2018","Technology","EDP Services","https://www.nasdaq.com/symbol/prsp",
"PLAB","Photronics, Inc.","10.48","702031483.76","n/a","1987","Technology","Semiconductors","https://www.nasdaq.com/symbol/plab",
"PHUN","Phunware, Inc.","91.06","360714794.22","n/a","2016","Technology","EDP Services","https://www.nasdaq.com/symbol/phun",
"PHUNW","Phunware, Inc.","0.4","0","n/a","2016","Technology","EDP Services","https://www.nasdaq.com/symbol/phunw",
"PVTL","Pivotal Software, Inc.","17.54","4603027251.52","n/a","2018","Technology","Computer Software: Prepackaged Software","https://www.nasdaq.com/symbol/pvtl",
"PXLW","Pixelworks, Inc.","3.38","123731271.3","n/a","2000","Technology","Semiconductors","https://www.nasdaq.com/symbol/pxlw",
"PLXS","Plexus Corp.","54.4","1698310716.8","n/a","n/a","Technology","Electrical Products","https://www.nasdaq.com/symbol/plxs",
"PS","Pluralsight, Inc.","27.46","3709047188.6","n/a","2018","Technology","Computer Software: Programming, Data Processing","https://www.nasdaq.com/symbol/ps",
"PNTR","Pointer Telocation Ltd.","14.2372","115776739.5536","n/a","n/a","Technology","Radio And Television Broadcasting And Communications Equipment","https://www.nasdaq.com/symbol/pntr",
"POWI","Power Integrations, Inc.","63.62","1865942281.04","n/a","1997","Technology","Semiconductors","https://www.nasdaq.com/symbol/powi",
"PSDO","Presidio, Inc.","14.49","1192854053.79","n/a","2017","Technology","Retail: Computer Software & Peripheral Equipment","https://www.nasdaq.com/symbol/psdo",
"IPDN","Professional Diversity Network, Inc.","1.36","6605449.28","n/a","2013","Technology","Computer Software: Programming, Data Processing","https://www.nasdaq.com/symbol/ipdn",
"PRGS","Progress Software Corporation","36.68","1647027624.76","n/a","1991","Technology","Computer Software: Prepackaged Software","https://www.nasdaq.com/symbol/prgs",
"PFPT","Proofpoint, Inc.","91.63","5007389092.86","n/a","2012","Technology","EDP Services","https://www.nasdaq.com/symbol/pfpt",
"PRO","PROS Holdings, Inc.","32.46","1205887409.46","n/a","2007","Technology","EDP Services","https://www.nasdaq.com/symbol/pro",
"PTC","PTC Inc.","86.41","10254727488.4","n/a","n/a","Technology","Computer Software: Prepackaged Software","https://www.nasdaq.com/symbol/ptc",
"PSTG","Pure Storage, Inc. ","17.42","4208963558.54","n/a","2015","Technology","Electronic Components","https://www.nasdaq.com/symbol/pstg",
"QTWO","Q2 Holdings, Inc.","52.51","2277617784.34","n/a","2014","Technology","Computer Software: Prepackaged Software","https://www.nasdaq.com/symbol/qtwo",
"QADA","QAD Inc.","41.09","806461760.44","n/a","n/a","Technology","Computer Software: Prepackaged Software","https://www.nasdaq.com/symbol/qada",
"QADB","QAD Inc.","30.708","602697194.928","n/a","n/a","Technology","Computer Software: Prepackaged Software","https://www.nasdaq.com/symbol/qadb",
"QRVO","Qorvo, Inc.","63.69","7955201551.77","n/a","n/a","Technology","Semiconductors","https://www.nasdaq.com/symbol/qrvo",
"QCOM","QUALCOMM Incorporated","57.5","69699348695","n/a","1991","Technology","Radio And Television Broadcasting And Communications Equipment","https://www.nasdaq.com/symbol/qcom",
"QBAK","Qualstar Corporation","6.01","12309189.18","n/a","2000","Technology","Electronic Components","https://www.nasdaq.com/symbol/qbak",
"QLYS","Qualys, Inc.","78.46","3089689521.28","n/a","2012","Technology","Computer Software: Prepackaged Software","https://www.nasdaq.com/symbol/qlys",
"QTNA","Quantenna Communications, Inc.","16.08","601308223.2","n/a","2016","Technology","Semiconductors","https://www.nasdaq.com/symbol/qtna",
"QTM","Quantum Corporation","1.6","56884937.6","n/a","n/a","Technology","Electronic Components","https://www.nasdaq.com/symbol/qtm",
"QRHC","Quest Resource Holding Corporation.","1.49","22816940.67","n/a","n/a","Technology","Diversified Commercial Services","https://www.nasdaq.com/symbol/qrhc",
"QUIK","QuickLogic Corporation","0.92","87575746.68","n/a","1999","Technology","Semiconductors","https://www.nasdaq.com/symbol/quik",
"QUMU","Qumu Corporation","2.15","20486066.45","n/a","n/a","Technology","Computer Software: Prepackaged Software","https://www.nasdaq.com/symbol/qumu",
"RDCM","Radcom Ltd.","8.53","116360502.25","n/a","1997","Technology","Computer peripheral equipment","https://www.nasdaq.com/symbol/rdcm",
"RMBS","Rambus, Inc.","8.3","900557777.1","n/a","1997","Technology","Semiconductors","https://www.nasdaq.com/symbol/rmbs",
"RPD","Rapid7, Inc.","35.49","1679552538.3","n/a","2015","Technology","Computer Software: Prepackaged Software","https://www.nasdaq.com/symbol/rpd",
"RCMT","RCM Technologies, Inc.","3.7487","47705873.7286","n/a","n/a","Technology","Professional Services","https://www.nasdaq.com/symbol/rcmt",
"RNWK","RealNetworks, Inc.","2.8","105434131.6","n/a","1997","Technology","EDP Services","https://www.nasdaq.com/symbol/rnwk",
"RP","RealPage, Inc.","53.35","5010184660.25","n/a","2010","Technology","Computer Software: Prepackaged Software","https://www.nasdaq.com/symbol/rp",
"RHT","Red Hat, Inc.","176.06","31120447996.08","n/a","n/a","Technology","Computer Software: Programming, Data Processing","https://www.nasdaq.com/symbol/rht",
"RDVT","Red Violet, Inc.","7.49","76896931.37","n/a","n/a","Technology","Computer Software: Prepackaged Software","https://www.nasdaq.com/symbol/rdvt",
"SOL","Renesola Ltd.","1.46","55579119.4","n/a","2008","Technology","Semiconductors","https://www.nasdaq.com/symbol/sol",
"RENN","Renren Inc.","1.56","107321541.6","n/a","2011","Technology","EDP Services","https://www.nasdaq.com/symbol/renn",
"RCII","Rent-A-Center Inc.","17.15","917777465.15","n/a","1995","Technology","Diversified Commercial Services","https://www.nasdaq.com/symbol/rcii",
"RESN","Resonant Inc.","1.66","44970882.38","n/a","2014","Technology","Semiconductors","https://www.nasdaq.com/symbol/resn",
"RXN","Rexnord Corporation","24.54","2568416842.02","n/a","2012","Technology","Industrial Machinery/Components","https://www.nasdaq.com/symbol/rxn",
"RBBN","Ribbon Communications Inc. ","5.26","560292075.56","n/a","n/a","Technology","EDP Services","https://www.nasdaq.com/symbol/rbbn",
"RNG","Ringcentral, Inc.","86.91","6981734946.3","n/a","2013","Technology","EDP Services","https://www.nasdaq.com/symbol/rng",
"RHI","Robert Half International Inc.","58.38","7091712368.16","n/a","n/a","Technology","Professional Services","https://www.nasdaq.com/symbol/rhi",
"RST","Rosetta Stone","16.43","375621345.6","n/a","2009","Technology","Computer Software: Prepackaged Software","https://www.nasdaq.com/symbol/rst",
"RBCN","Rubicon Technology, Inc.","8.12","22262595.88","n/a","2007","Technology","Semiconductors","https://www.nasdaq.com/symbol/rbcn",
"RMBL","RumbleOn, Inc.","5.8","107116087.8","n/a","n/a","Technology","EDP Services","https://www.nasdaq.com/symbol/rmbl",
"SABR","Sabre Corporation","22.63","6230328550.85","n/a","2014","Technology","Computer Software: Programming, Data Processing","https://www.nasdaq.com/symbol/sabr",
"SFET","Safe-T Group Ltd.","3.14","1368330.36","435774","2018","Technology","Computer Software: Prepackaged Software","https://www.nasdaq.com/symbol/sfet",
"SAIL","SailPoint Technologies Holdings, Inc.","26","2282501312","n/a","2017","Technology","Computer Software: Prepackaged Software","https://www.nasdaq.com/symbol/sail",
"CRM","Salesforce.com Inc","147.55","112875750000","n/a","2004","Technology","Computer Software: Prepackaged Software","https://www.nasdaq.com/symbol/crm",
"SANM","Sanmina Corporation","25.62","1748942536.32","n/a","1993","Technology","Electrical Products","https://www.nasdaq.com/symbol/sanm",
"SAP","SAP SE","101.98","125282430000","n/a","n/a","Technology","Computer Software: Prepackaged Software","https://www.nasdaq.com/symbol/sap",
"SPNS","Sapiens International Corporation N.V.","12.08","602676817.2","n/a","1992","Technology","Computer Software: Prepackaged Software","https://www.nasdaq.com/symbol/spns",
"SCSC","ScanSource, Inc.","36.37","931350739.68","n/a","n/a","Technology","Retail: Computer Software & Peripheral Equipment","https://www.nasdaq.com/symbol/scsc",
"SAIC","SCIENCE APPLICATIONS INTERNATIONAL CORPORATION","65.03","2755198778.57","n/a","n/a","Technology","EDP Services","https://www.nasdaq.com/symbol/saic",
"SGMS","Scientific Games Corp","21.02","1927668927.38","n/a","n/a","Technology","EDP Services","https://www.nasdaq.com/symbol/sgms",
"SEAC","SeaChange International, Inc.","1.7","60782835.3","n/a","1996","Technology","Radio And Television Broadcasting And Communications Equipment","https://www.nasdaq.com/symbol/seac",
"STX","Seagate Technology PLC","40.67","11639812442.79","n/a","2002","Technology","Electronic Components","https://www.nasdaq.com/symbol/stx",
"SCWX","SecureWorks Corp.","16.92","1382402814.48","n/a","2016","Technology","Computer Software: Prepackaged Software","https://www.nasdaq.com/symbol/scwx",
"SMI","Semiconductor  Manufacturing International Corporation","4.19","4223366566.39","n/a","2004","Technology","Semiconductors","https://www.nasdaq.com/symbol/smi",
"LEDS","SemiLEDS Corporation","2.7861","9916537.869","n/a","2010","Technology","Semiconductors","https://www.nasdaq.com/symbol/leds",
"SMTC","Semtech Corporation","52.24","3437856831.52","n/a","n/a","Technology","Semiconductors","https://www.nasdaq.com/symbol/smtc",
"SEND","SendGrid, Inc.","46.8","2226461421.6","n/a","2017","Technology","Computer Software: Prepackaged Software","https://www.nasdaq.com/symbol/send",
"SQNS","Sequans Communications S.A.","0.9705","91796454.462","n/a","2011","Technology","Semiconductors","https://www.nasdaq.com/symbol/sqns",
"NOW","ServiceNow, Inc.","191.69","34370017000","n/a","2012","Technology","Computer Software: Prepackaged Software","https://www.nasdaq.com/symbol/now",
"SGOC","SGOCO Group, Ltd","1.1","83058030","n/a","2010","Technology","Radio And Television Broadcasting And Communications Equipment","https://www.nasdaq.com/symbol/sgoc",
"SHSP","SharpSpring, Inc.","13.7","117675793.8","n/a","n/a","Technology","Computer Software: Prepackaged Software","https://www.nasdaq.com/symbol/shsp",
"PIXY","ShiftPixy, Inc.","1.6","46994123.2","n/a","2017","Technology","Diversified Commercial Services","https://www.nasdaq.com/symbol/pixy",
"SHOP","Shopify Inc.","149.43","14656376673.27","n/a","2015","Technology","Computer Software: Prepackaged Software","https://www.nasdaq.com/symbol/shop",
"SSTI","ShotSpotter, Inc.","38.13","412633213.11","n/a","2017","Technology","Computer Software: Prepackaged Software","https://www.nasdaq.com/symbol/ssti",
"SSTK","Shutterstock, Inc.","37.62","1318089795.66","n/a","2012","Technology","EDP Services","https://www.nasdaq.com/symbol/sstk",
"SWIR","Sierra Wireless, Inc.","15.15","546126184.95","n/a","n/a","Technology","Radio And Television Broadcasting And Communications Equipment","https://www.nasdaq.com/symbol/swir",
"SIFY","Sify Technologies Limited","1.55","39520249.25","25496935","n/a","Technology","Computer Software: Programming, Data Processing","https://www.nasdaq.com/symbol/sify",
"SGMA","SigmaTron International, Inc.","2.85","12055522.8","n/a","1994","Technology","Electrical Products","https://www.nasdaq.com/symbol/sgma",
"SILC","Silicom Ltd","33.54","253281234.18","n/a","n/a","Technology","Computer Communications Equipment","https://www.nasdaq.com/symbol/silc",
"SLAB","Silicon Laboratories, Inc.","85.38","3684009879.72","n/a","2000","Technology","Semiconductors","https://www.nasdaq.com/symbol/slab",
"SIMO","Silicon Motion Technology Corporation","35.2","1269752774.4","36072522","2005","Technology","Semiconductors","https://www.nasdaq.com/symbol/simo",
"SLP","Simulations Plus, Inc.","20.06","350242986.2","n/a","n/a","Technology","EDP Services","https://www.nasdaq.com/symbol/slp",
"SINA","Sina Corporation","58.7","4195316471.6","n/a","n/a","Technology","Computer Software: Prepackaged Software","https://www.nasdaq.com/symbol/sina",
"SWKS","Skyworks Solutions, Inc.","70.02","12430790289.9","n/a","n/a","Technology","Semiconductors","https://www.nasdaq.com/symbol/swks",
"SGH","SMART Global Holdings, Inc.","24.6","561995142.6","n/a","2017","Technology","Semiconductors","https://www.nasdaq.com/symbol/sgh",
"SMAR","Smartsheet Inc.","25.52","2646965993.76","n/a","2018","Technology","Computer Software: Prepackaged Software","https://www.nasdaq.com/symbol/smar",
"SMSI","Smith Micro Software, Inc.","1.905","53848471.17","n/a","1995","Technology","Computer Software: Prepackaged Software","https://www.nasdaq.com/symbol/smsi",
"SMTX","SMTC Corporation","5.07","117022079.46","n/a","2000","Technology","Electrical Products","https://www.nasdaq.com/symbol/smtx",
"SNAP","Snap Inc.","6.28","8132091420.48","n/a","2017","Technology","Computer Software: Programming, Data Processing","https://www.nasdaq.com/symbol/snap",
"SRAX","Social Reality, Inc.","2.36","23914658.8","n/a","n/a","Technology","Advertising","https://www.nasdaq.com/symbol/srax",
"SCKT","Socket Mobile, Inc.","2.15","12648684.35","n/a","n/a","Technology","Computer Manufacturing","https://www.nasdaq.com/symbol/sckt",
"SOGO","Sogou Inc.","5.87","2331366251.44","n/a","2017","Technology","EDP Services","https://www.nasdaq.com/symbol/sogo",
"SOHU","Sohu.com Limited ","18.62","736105167.56","39533038","n/a","Technology","EDP Services","https://www.nasdaq.com/symbol/sohu",
"SEDG","SolarEdge Technologies, Inc.","36.4","1665356966","n/a","2015","Technology","Semiconductors","https://www.nasdaq.com/symbol/sedg",
"SWI","SolarWinds Corporation","15.76","4884711482.72","n/a","2018","Technology","Computer Software: Prepackaged Software","https://www.nasdaq.com/symbol/swi",
"SPA","Sparton Corporation","18.25","179483694.75","n/a","n/a","Technology","Electrical Products","https://www.nasdaq.com/symbol/spa",
"ANY","Sphere 3D Corp.","3.46","6795505.74","n/a","n/a","Technology","EDP Services","https://www.nasdaq.com/symbol/any",
"SPI","SPI Energy Co., Ltd.","0.9002","6536056.9344","n/a","n/a","Technology","Semiconductors","https://www.nasdaq.com/symbol/spi",
"SPLK","Splunk Inc.","117.17","17315737859.44","n/a","2012","Technology","Computer Software: Prepackaged Software","https://www.nasdaq.com/symbol/splk",
"SPSC","SPS Commerce, Inc.","88.31","1559962945.44","n/a","2010","Technology","Computer Software: Prepackaged Software","https://www.nasdaq.com/symbol/spsc",
"SPXC","SPX Corporation","29.25","1269217842.75","n/a","n/a","Technology","Industrial Machinery/Components","https://www.nasdaq.com/symbol/spxc",
"FLOW","SPX FLOW, Inc.","31.84","1354854692.96","n/a","2015","Technology","Industrial Machinery/Components","https://www.nasdaq.com/symbol/flow",
"SQ","Square, Inc.","66.23","27385946312.92","n/a","2015","Technology","Computer Software: Prepackaged Software","https://www.nasdaq.com/symbol/sq",
"SSNC","SS&C Technologies Holdings, Inc.","47.47","11905838385.98","n/a","2010","Technology","Computer Software: Prepackaged Software","https://www.nasdaq.com/symbol/ssnc",
"STAF","Staffing 360 Solutions, Inc.","1.8593","9324422.9674","n/a","n/a","Technology","Professional Services","https://www.nasdaq.com/symbol/staf",
"SXI","Standex International Corporation","73.88","947794773.08","n/a","n/a","Technology","Industrial Machinery/Components","https://www.nasdaq.com/symbol/sxi",
"SRT","StarTek, Inc.","7.59","284083499.04","n/a","1997","Technology","Professional Services","https://www.nasdaq.com/symbol/srt",
"STM","STMicroelectronics N.V.","14.06","12625758873.1","n/a","n/a","Technology","Semiconductors","https://www.nasdaq.com/symbol/stm",
"STNE","StoneCo Ltd.","21.1","5846243021.9","n/a","2018","Technology","EDP Services","https://www.nasdaq.com/symbol/stne",
"SSYS","Stratasys, Ltd.","19.71","1060595100","n/a","1994","Technology","Computer peripheral equipment","https://www.nasdaq.com/symbol/ssys",
"STRM","Streamline Health Solutions, Inc.","1.07","21536642.21","n/a","n/a","Technology","EDP Services","https://www.nasdaq.com/symbol/strm",
"WISA","Summit Wireless Technologies, Inc.","3.92","60236001.84","n/a","2018","Technology","Semiconductors","https://www.nasdaq.com/symbol/wisa",
"SPWR","SunPower Corporation","5.47","771735086.75","n/a","2005","Technology","Semiconductors","https://www.nasdaq.com/symbol/spwr",
"SPCB","SuperCom, Ltd.","1.49","22287925.11","n/a","n/a","Technology","Semiconductors","https://www.nasdaq.com/symbol/spcb",
"SCON","Superconductor Technologies Inc.","1.39","4546146.51","n/a","1993","Technology","Radio And Television Broadcasting And Communications Equipment","https://www.nasdaq.com/symbol/scon",
"SPRT","support.com, Inc.","2.46","46526799.18","n/a","2000","Technology","EDP Services","https://www.nasdaq.com/symbol/sprt",
"SVMK","SVMK Inc.","13.37","1672304786.04","n/a","2018","Technology","Computer Software: Programming, Data Processing","https://www.nasdaq.com/symbol/svmk",
"SWCH","Switch, Inc.","7.68","1894224898.56","n/a","2017","Technology","Computer Software: Programming, Data Processing","https://www.nasdaq.com/symbol/swch",
"SYKE","Sykes Enterprises, Incorporated","27.28","1167076564.72","n/a","1996","Technology","EDP Services","https://www.nasdaq.com/symbol/syke",
"SYMC","Symantec Corporation","19.88","12701102167.32","n/a","1989","Technology","Computer Software: Prepackaged Software","https://www.nasdaq.com/symbol/symc",
"SYNC","Synacor, Inc.","1.71","66690518.13","n/a","2012","Technology","Computer Software: Programming, Data Processing","https://www.nasdaq.com/symbol/sync",
"SYNA","Synaptics Incorporated","39.75","1376093325","n/a","2002","Technology","Semiconductors","https://www.nasdaq.com/symbol/syna",
"SNCR","Synchronoss Technologies, Inc.","6.79","288400843.29","n/a","2018","Technology","EDP Services","https://www.nasdaq.com/symbol/sncr",
"SNX","Synnex Corporation","97.48","4941651120","n/a","2003","Technology","Retail: Computer Software & Peripheral Equipment","https://www.nasdaq.com/symbol/snx",
"SNPS","Synopsys, Inc.","87.71","13113961702.52","n/a","1992","Technology","Computer Software: Prepackaged Software","https://www.nasdaq.com/symbol/snps",
"DATA","Tableau Software, Inc.","119.61","9995547428.64","n/a","2013","Technology","Computer Software: Prepackaged Software","https://www.nasdaq.com/symbol/data",
"TSM","Taiwan Semiconductor Manufacturing Company Ltd.","36.61","189862242360","n/a","1997","Technology","Semiconductors","https://www.nasdaq.com/symbol/tsm",
"TTWO","Take-Two Interactive Software, Inc.","109.03","12415472337.25","n/a","1997","Technology","Computer Software: Prepackaged Software","https://www.nasdaq.com/symbol/ttwo",
"TLND","Talend S.A.","36.09","1076676506.82","29833098","2016","Technology","Computer Software: Prepackaged Software","https://www.nasdaq.com/symbol/tlnd",
"TAOP","Taoping Inc.","1.21","49319797.23","n/a","n/a","Technology","Computer Software: Prepackaged Software","https://www.nasdaq.com/symbol/taop",
"TECD","Tech Data Corporation","91.52","3415321029.12","n/a","1986","Technology","Retail: Computer Software & Peripheral Equipment","https://www.nasdaq.com/symbol/tecd",
"TCCO","Technical Communications Corporation","2.85","5269721.25","n/a","n/a","Technology","Radio And Television Broadcasting And Communications Equipment","https://www.nasdaq.com/symbol/tcco",
"TLRA","Telaria, Inc.","3.27","139039932.39","n/a","2013","Technology","Advertising","https://www.nasdaq.com/symbol/tlra",
"TENB","Tenable Holdings, Inc.","24.42","2272641414.78","n/a","2018","Technology","Computer Software: Prepackaged Software","https://www.nasdaq.com/symbol/tenb",
"TNC","Tennant Company","56.4","1022250000","n/a","n/a","Technology","Industrial Machinery/Components","https://www.nasdaq.com/symbol/tnc",
"TDC","Teradata Corporation","40.11","4741002000","n/a","n/a","Technology","Computer Software: Prepackaged Software","https://www.nasdaq.com/symbol/tdc",
"TXN","Texas Instruments Incorporated","98.59","94699957834.42","n/a","n/a","Technology","Semiconductors","https://www.nasdaq.com/symbol/txn",
"TGH","Textainer Group Holdings Limited","12.08","690365875.44","n/a","2007","Technology","Diversified Commercial Services","https://www.nasdaq.com/symbol/tgh",
"DSGX","The Descartes Systems Group Inc.","28.58","2196797870.28","n/a","n/a","Technology","Computer Software: Prepackaged Software","https://www.nasdaq.com/symbol/dsgx",
"KEYW","The KEYW Holding Corporation","6.86","342025495.84","n/a","2010","Technology","EDP Services","https://www.nasdaq.com/symbol/keyw",
"MIDD","The Middleby Corporation","110","6143132820","n/a","n/a","Technology","Industrial Machinery/Components","https://www.nasdaq.com/symbol/midd",
"RUBI","The Rubicon Project, Inc.","4.03","204529612.95","n/a","2014","Technology","Computer Software: Programming, Data Processing","https://www.nasdaq.com/symbol/rubi",
"TSG","The Stars Group Inc.","18.82","5140757207.26","n/a","n/a","Technology","Computer Software: Programming, Data Processing","https://www.nasdaq.com/symbol/tsg",
"TTD","The Trade Desk, Inc.","127.3","5504721876","n/a","2016","Technology","Computer Software: Programming, Data Processing","https://www.nasdaq.com/symbol/ttd",
"ULTI","The Ultimate Software Group, Inc.","257.06","8038097568.64","n/a","1998","Technology","Computer Software: Prepackaged Software","https://www.nasdaq.com/symbol/ulti",
"TISA","Top Image Systems, Ltd.","0.5","9125861","n/a","1996","Technology","Computer peripheral equipment","https://www.nasdaq.com/symbol/tisa",
"TSEM","Tower Semiconductor Ltd.","14.92","1566292752.44","n/a","1994","Technology","Semiconductors","https://www.nasdaq.com/symbol/tsem",
"TACT","TransAct Technologies Incorporated","9.58","70806048.24","n/a","1996","Technology","Computer peripheral equipment","https://www.nasdaq.com/symbol/tact",
"TZOO","Travelzoo","11.05","133824572.05","n/a","n/a","Technology","EDP Services","https://www.nasdaq.com/symbol/tzoo",
"TRT","Trio-Tech International","2.82","10174715.1","n/a","n/a","Technology","Industrial Machinery/Components","https://www.nasdaq.com/symbol/trt",
"TRIP","TripAdvisor, Inc.","56.02","7712070719.64","n/a","n/a","Technology","Computer Software: Programming, Data Processing","https://www.nasdaq.com/symbol/trip",
"TRTN","Triton International Limited","35.62","2845135567.3","n/a","2016","Technology","Diversified Commercial Services","https://www.nasdaq.com/symbol/trtn",
"TRVG","trivago N.V.","6.31","195894593.62","31045102","2016","Technology","EDP Services","https://www.nasdaq.com/symbol/trvg",
"TBI","TrueBlue, Inc.","23.78","962739506.58","n/a","n/a","Technology","Professional Services","https://www.nasdaq.com/symbol/tbi",
"TRUE","TrueCar, Inc.","9.55","993244789.5","n/a","2014","Technology","Computer Software: Programming, Data Processing","https://www.nasdaq.com/symbol/true",
"TSRI","TSR, Inc.","4.92","9653345.04","n/a","n/a","Technology","EDP Services","https://www.nasdaq.com/symbol/tsri",
"TTEC","TTEC Holdings, Inc.","32.84","1516980648.68","n/a","1996","Technology","Professional Services","https://www.nasdaq.com/symbol/ttec",
"TTMI","TTM Technologies, Inc.","10.46","1084464442.94","n/a","2000","Technology","Electrical Products","https://www.nasdaq.com/symbol/ttmi",
"TCX","Tucows Inc.","63.9","679011560.1","n/a","n/a","Technology","EDP Services","https://www.nasdaq.com/symbol/tcx",
"TWLO","Twilio Inc.","96.83","9684584429.29","n/a","2016","Technology","Computer Software: Prepackaged Software","https://www.nasdaq.com/symbol/twlo",
"TWIN","Twin Disc, Incorporated","17.63","230732836.56","n/a","n/a","Technology","Industrial Machinery/Components","https://www.nasdaq.com/symbol/twin",
"TWTR","Twitter, Inc.","32.87","25022296342.03","n/a","2013","Technology","Computer Software: Programming, Data Processing","https://www.nasdaq.com/symbol/twtr",
"TYL","Tyler Technologies, Inc.","183.96","7141926357.72","n/a","n/a","Technology","Computer Software: Prepackaged Software","https://www.nasdaq.com/symbol/tyl",
"UBNT","Ubiquiti Networks, Inc.","106.49","7543244601.11","n/a","2011","Technology","Radio And Television Broadcasting And Communications Equipment","https://www.nasdaq.com/symbol/ubnt",
"UCTT","Ultra Clean Holdings, Inc.","9.3","362831883.3","n/a","2004","Technology","Semiconductors","https://www.nasdaq.com/symbol/uctt",
"UIS","Unisys Corporation","12.79","652604659.58","n/a","n/a","Technology","EDP Services","https://www.nasdaq.com/symbol/uis",
"UMC","United Microelectronics Corporation","1.8","4292754737.4","n/a","n/a","Technology","Semiconductors","https://www.nasdaq.com/symbol/umc",
"URI","United Rentals, Inc.","117.45","9525502953.9","n/a","1997","Technology","Diversified Commercial Services","https://www.nasdaq.com/symbol/uri",
"UPLD","Upland Software, Inc.","28.15","607741610","n/a","2014","Technology","Computer Software: Prepackaged Software","https://www.nasdaq.com/symbol/upld",
"UPWK","Upwork Inc.","18.99","2018620022.94","n/a","2018","Technology","EDP Services","https://www.nasdaq.com/symbol/upwk",
"VRNS","Varonis Systems, Inc.","52.7","1552790375.1","n/a","2014","Technology","Computer Software: Prepackaged Software","https://www.nasdaq.com/symbol/vrns",
"VECO","Veeco Instruments Inc.","8.25","394292258.25","n/a","1994","Technology","Industrial Machinery/Components","https://www.nasdaq.com/symbol/veco",
"VEEV","Veeva Systems Inc.","98.67","14336899991.7","n/a","2013","Technology","Computer Software: Prepackaged Software","https://www.nasdaq.com/symbol/veev",
"VRNT","Verint Systems Inc.","45.42","2964638252.16","n/a","2002","Technology","EDP Services","https://www.nasdaq.com/symbol/vrnt",
"VRSN","VeriSign, Inc.","157.93","19091907696.81","n/a","1998","Technology","EDP Services","https://www.nasdaq.com/symbol/vrsn",
"VRSK","Verisk Analytics, Inc.","112.01","18439101993.41","n/a","2009","Technology","EDP Services","https://www.nasdaq.com/symbol/vrsk",
"VERI","Veritone, Inc.","4.89","94515279.42","n/a","2017","Technology","EDP Services","https://www.nasdaq.com/symbol/veri",
"VSAT","ViaSat, Inc.","61.29","3655962535.41","n/a","1996","Technology","Radio And Television Broadcasting And Communications Equipment","https://www.nasdaq.com/symbol/vsat",
"VIAV","Viavi Solutions Inc.","10.56","2412139868.16","n/a","n/a","Technology","Semiconductors","https://www.nasdaq.com/symbol/viav",
"VRTU","Virtusa Corporation","46.65","1395376466.55","n/a","2007","Technology","EDP Services","https://www.nasdaq.com/symbol/vrtu",
"VMW","Vmware, Inc.","146.7","60131021436","n/a","2007","Technology","Computer Software: Prepackaged Software","https://www.nasdaq.com/symbol/vmw",
"VISI","Volt Information Sciences, Inc.","3.15","66751744.5","n/a","n/a","Technology","Professional Services","https://www.nasdaq.com/symbol/visi",
"VUZI","Vuzix Corporation","5.16","142351510.32","n/a","n/a","Technology","Radio And Television Broadcasting And Communications Equipment","https://www.nasdaq.com/symbol/vuzi",
"WSTG","Wayside Technology Group, Inc.","10.2869","46254984.1286","n/a","n/a","Technology","Retail: Computer Software & Peripheral Equipment","https://www.nasdaq.com/symbol/wstg",
"WB","Weibo Corporation","57.12","3660668232.48","64087329","2014","Technology","Computer Software: Programming, Data Processing","https://www.nasdaq.com/symbol/wb",
"WBT","Welbilt, Inc.","12.39","1737310919.61","n/a","2016","Technology","Industrial Machinery/Components","https://www.nasdaq.com/symbol/wbt",
"WDC","Western Digital Corporation","40.03","11585670260.64","n/a","n/a","Technology","Electronic Components","https://www.nasdaq.com/symbol/wdc",
"WYY","WidePoint Corporation","0.4495","37651220.376","n/a","n/a","Technology","EDP Services","https://www.nasdaq.com/symbol/wyy",
"WIT","Wipro Limited","5.12","23057804160","n/a","n/a","Technology","EDP Services","https://www.nasdaq.com/symbol/wit",
"WIX","Wix.com Ltd.","101.29","4749325023.1","n/a","2013","Technology","Computer Software: Programming, Data Processing","https://www.nasdaq.com/symbol/wix",
"WDAY","Workday, Inc.","167.46","36841200000","n/a","n/a","Technology","EDP Services","https://www.nasdaq.com/symbol/wday",
"WK","Workiva Inc.","37.81","1657938554.48","n/a","2014","Technology","Computer Software: Prepackaged Software","https://www.nasdaq.com/symbol/wk",
"WPP","WPP plc","56.84","14344411480.56","n/a","n/a","Technology","Advertising","https://www.nasdaq.com/symbol/wpp",
"XRX","Xerox Corporation","22.14","5275579132.98","n/a","n/a","Technology","Computer peripheral equipment","https://www.nasdaq.com/symbol/xrx",
"XLNX","Xilinx, Inc.","90.92","23006709110.2","n/a","1990","Technology","Semiconductors","https://www.nasdaq.com/symbol/xlnx",
"XPER","Xperi Corporation","20.71","1002740114.31","n/a","n/a","Technology","Semiconductors","https://www.nasdaq.com/symbol/xper",
"XNET","Xunlei Limited","3.46","134620368.66","38907621","2014","Technology","Computer Software: Prepackaged Software","https://www.nasdaq.com/symbol/xnet",
"YNDX","Yandex N.V.","29.89","9696252154.96","n/a","2011","Technology","Computer Software: Programming, Data Processing","https://www.nasdaq.com/symbol/yndx",
"YEXT","Yext, Inc.","15.82","1595677117.72","n/a","2017","Technology","EDP Services","https://www.nasdaq.com/symbol/yext",
"YY","YY Inc.","68.2","3376742474.6","49512353","2012","Technology","EDP Services","https://www.nasdaq.com/symbol/yy",
"ZBRA","Zebra Technologies Corporation","163.2","8780898643.2","n/a","1991","Technology","Industrial Machinery/Components","https://www.nasdaq.com/symbol/zbra",
"ZDGE","Zedge, Inc.","2.41","24847647.07","n/a","2016","Technology","Computer Software: Prepackaged Software","https://www.nasdaq.com/symbol/zdge",
"ZEN","Zendesk, Inc.","62.45","6684745047.3","n/a","2014","Technology","EDP Services","https://www.nasdaq.com/symbol/zen",
"ZIXI","Zix Corporation","6.13","332231459.64","n/a","n/a","Technology","EDP Services","https://www.nasdaq.com/symbol/zixi",
"ZS","Zscaler, Inc.","45.2","5525705243.2","n/a","2018","Technology","EDP Services","https://www.nasdaq.com/symbol/zs",
"ZUO","Zuora, Inc.","19.97","2166796922","n/a","2018","Technology","Computer Software: Prepackaged Software","https://www.nasdaq.com/symbol/zuo",
"ZNGA","Zynga Inc.","4.31","3989665973.6","n/a","2011","Technology","EDP Services","https://www.nasdaq.com/symbol/znga",
