cid,list_id,company,position,office,office_state,job_type,file_rank
c0001,bi_5,Intarcia Therapeutics,"BTG Product Manager, Colleague Compute",Hayward,CA,mba,1
c0002,f1000_200,Waste Management,Mgr - National Pricing Strategy and Analytics,Lombard,IL,mba_analyst,1
c0003,f1000_254,BlackRock,Senior Data Engineer - Data Science Core,Palo Alto,CA,quant,1
c0004,f1000_376,Mosaic,Financial Planning and Analysis Manager,Tampa,FL,mba_finance,1
c0005,f1000_410,Great American Insurance Group,Business Analyst / Sr. Business Analyst,Cincinnati,OH,mba,1
c0006,f1000_411,Discovery Communications LLC,Software Engineer II,Bellevue,WA,computer_science,1
c0007,f1000_522,Regeneron Pharmaceuticals,Data Scientist - Immuno-oncology Bioinfomatics,Tarrytown,NY,data_science,1
c0008,f1000_556,FM Global,API-Senior Software Engineer,Johnston,RI,computer_science,1
c0009,f1000_63,Coca-Cola,Sales Analyst,Atlanta,GA,mba,1
c0010,f1000_666,Tailored Brands,Data Scientist,Fremont,CA,data_science,1
c0011,f1000_67,Nationwide Mutual Insurance Company,Specialist - IT App Development - Java,Columbus,OH,computer_science,1
c0012,f1000_724,Meritage Homes,Accounts Payable Manager,Scottsdale,AZ,mba_finance,1
c0013,forbes_58,Dataminr,Software Engineer I - Search,New York,NY,computer_science,1
c0014,glassdoor_101,Northside Hospital,Senior Financial Analyst,Atlanta,GA,mba_finance,1
c0015,glassdoor_115,Memorial Sloan Kettering,Senior Full-Stack Software Developer,New York,NY,computer_science,1
c0016,glassdoor_90,Cengage,Data Scientist,Boston,MA,data_science,1
c0017,nasdaq_AVLR,Avalara,Software Engineer,Seattle,WA,computer_science,1
c0018,nasdaq_EPAY,Bottomline Technologies Inc,Mobile Developer,Providence,RI,computer_science,1
c0019,nasdaq_FLEX,Flex,Embedded Software Engineer,Irving,TX,computer_science,1
c0020,nasdaq_PRSP,Perspecta,Software Engineer,Fort Meade,MD,computer_science,1
c0021,nasdaq_RNG,RingCentral,Senior Financial Analyst - Revenue and Automation,Belmont,CA,mba_finance,1
c0022,nasdaq_SWI,SolarWinds,Senior Software Engineer - C,Austin,TX,computer_science,1
c0023,ru_AFI,Armstrong Flooring,Sr Accounting Analyst,Lancaster,PA,mba_finance,1
c0024,ru_ALDR,Alder BioPharmaceuticals Inc.,Associate Director, Biostatistics,Bothell,WA,1
c0025,ru_APTV,Aptiv,Big Data Engineer,Troy,MI,data_science,1
c0026,ru_BERY,Berry Global,IMS Business Analyst - Operations,Evansville,IN,mba_analyst,1
c0027,ru_CIA,Citizens,Commercial Analytics Leader,Boston,MA,mba_finance,1
c0028,ru_CMD,Cantel Medical Corporation,Sr Master Data Analyst,Plymouth,MN,mba_analyst,1
c0029,ru_CRAI,Charles River Associates,Analyst/Associate,College Station,TX,mba_finance,1
c0030,ru_EHC,Encompass Health,Controller,Boise,ID,mba_finance,1
c0031,ru_GMED,Globus Medical,Senior Software Engineer - Robotics,Methuen,MA,computer_science,1
c0032,ru_HRI,Herc,Business Analyst,Bonita Springs,FL,mba,1
c0033,ru_INCY,Incyte,Systems Analyst II,Spokane,WA,mba_analyst,1
c0034,ru_MDT,Medtronic,Associate Software Engineer,North Haven,CT,computer_science,1
c0035,ru_MEDP,Medpace,Software Engineer,Cincinnati,OH,computer_science,1
c0036,ru_MSBI,Midland States Bank,Senior Solutions Engineer - Salesforce Developer,Rockford,IL,mba_finance,1
c0037,ru_OPY,Oppenheimer & Co. Inc.,"Research Associate, SaaS/Applications Software",San Francisco,CA,mba_finance,1
c0038,ru_RMR,The RMR Group,Analyst,Newton,MA,mba_finance,1
c0039,ru_SPB,Spectrum Brands,Demand Forecast Analyst,St. Louis,MO,mba_finance,1
c0040,ru_TBPH,Theravance Biopharma,"Senior Director, Biostatistics",South San Francisco,CA,stats,1
c0041,ru_WVE,Wave Life Sciences,"Principal, Statistical Programming",Lexington,MA,stats,1
c0042,bi_0,Credit Karma,Software Engineer - Notifications Platform,San Francisco,CA,computer_science,2
c0043,bi_1,Wish,Data Scientist,San Francisco,CA,data_science,2
c0044,bi_13,Moderna Therapeutics,Scientist - Oncology Research,Cambridge,MA,data_science,2
c0045,bi_20,Palantir,Product Marketing Manager,New York,NY,mba,2
c0046,cnbc_1,Uber,Staff Machine Learning Engineer - Uber AI,San Francisco,CA,data_science,2
c0047,cnbc_12,Payoneer,Client Business Manager,New York,NY,mba,2
c0048,cnbc_19,Peloton,IT Project Manager - Finance,New York,NY,mba,2
c0049,cnbc_37,Robinhood,AML Analyst,Lake Mary,FL,mba_finance,2
c0050,cnbc_9,Coinbase,Data Product Manager,San Francisco,CA,mba,2
c0051,f1000_10,AmerisourceBergen,Software Developer - Infodive,Frisco,TX,computer_science,2
c0052,f1000_105,Kraft Heinz,Head of Data Science,Chicago,IL,data_science,2
c0053,f1000_11,Amazon,Data Scientist,Seattle,WA,data_science,2
c0054,f1000_112,DuPont,Capital Project Manager,Marlborough,MA,mba,2
c0055,f1000_113,Northrop Grumman,Data Scientist,Annapolis Junction,MD,data_science,2
c0056,f1000_115,Raytheon,Data Scientist SME,Herndon,VA,data_science,2
c0057,f1000_118,Qualcomm,Machine Learning Compiler SW Engineer,San Diego,CA,data_science,2
c0058,f1000_12,General Electric,Data Scientist,Waukesha,WI,data_science,2
c0059,f1000_122,Amgen,Principal Data Engineer,Tampa,FL,data_science,2
c0060,f1000_124,U.S. Bank,Data Scientist CDC,St. Louis,MO,data_science,2
c0061,f1000_130,Starbucks,data scientist - Internal Audit - IT - - WA,Seattle,WA,data_science,2
c0062,f1000_132,International Paper,Senior Oracle/MySQL Database Administrator,Memphis,TN,computer_science,2
c0063,f1000_135,Dollar Tree,Project Manager Merchant Initiatives,Chesapeake,VA,mba,2
c0064,f1000_137,Southwest Airlines,Sr Software Engineer-Site Reliability Engineer,Dallas,TX,computer_science,2
c0065,f1000_144,Southern,Scientist II - Virology-Bacteriology,Birmingham,AL,data_science,2
c0066,f1000_146,Bristol-Myers Squibb,Manager - Quality analytics and Data Science,New Brunswick,NJ,data_science,2
c0067,f1000_149,Kohls,Senior Software Engineer,Menomonee Falls,WI,computer_science,2
c0068,f1000_15,Costco,Software Developer - SAP DS 2896,Issaquah,WA,computer_science,2
c0069,f1000_150,Lear,Data Scientist,San Mateo,CA,data_science,2
c0070,f1000_153,Thermo Fisher Scientific,Sr Data Scientist,Carlsbad,CA,data_science,2
c0071,f1000_154,Kimberly-Clark,Lead Scientist Life Sciences,Roswell,GA,data_science,2
c0072,f1000_155,Molina Healthcare,Program Manager,Long Beach,CA,mba,2
c0073,f1000_156,Pacific Gas and Electric Company,Expert Data Scientist,San Francisco,CA,data_science,2
c0074,f1000_160,Aecom,Environmental Scientist,Albany,NY,data_science,2
c0075,f1000_168,Nucor,NBG Entry Level Software Developer,Waterloo,IN,computer_science,2
c0076,f1000_17,Kroger,Senior Manager - Capital Management & Finance Talent Development,Cincinnati,OH,mba_finance,2
c0077,f1000_172,Halliburton,Principal Engineering Project Manager - Project Advisor-Systems Eng,Houston,TX,mba,2
c0078,f1000_175,Whole Foods Market,DDS Senior Software Engineer,Austin,TX,computer_science,2
c0079,f1000_177,GAP,Associate Data Scientist,San Francisco,CA,data_science,2
c0080,f1000_179,Genuine Parts,IT Systems Analyst - Microsoft Dynamics,Atlanta,GA,mba_finance,2
c0081,f1000_185,DISH Network,Data Scientist,New York,NY,data_science,2
c0082,f1000_188,INTL FCStone,Senior Software Engineer,Chicago,IL,computer_science,2
c0083,f1000_189,WestRock,Customer Service Project Manager,Dallas,TX,mba,2
c0084,f1000_190,XPO Logistics,Data Scientist,Grand Blanc,MI,data_science,2
c0085,f1000_195,FirstEnergy,Transmission Project Manager - - PA or Akron - OH,Greensburg,PA,mba,2
c0086,f1000_196,Conagra Brands,Customer Business Manager,Nashville,TN,mba,2
c0087,f1000_197,Synnex,Product Manager,Olive Branch,MS,mba,2
c0088,f1000_209,Marsh & McLennan,Talent Project Manager,New York,NY,mba,2
c0089,f1000_212,Loews,Director of Finance,Orlando,FL,mba_finance,2
c0090,f1000_217,Guardian Life Insurance Company,Senior Financial Analyst,Bethlehem,PA,mba_finance,2
c0091,f1000_218,Ross Stores,Senior Corporate Analyst,New York,NY,mba_analyst,2
c0092,f1000_22,Home Depot,Manager - Data Science,Atlanta,GA,data_science,2
c0093,f1000_220,J.C. Penney,Data Scientist - Sourcing Analyst,Plano,TX,data_science,2
c0094,f1000_222,Reynolds American,Director Product Management - NGP,Winston-Salem,NC,mba,2
c0095,f1000_226,Principal Financial,Software Engineer,Des Moines,IA,computer_science,2
c0096,f1000_227,Arconic,Business Analyst I,Carson,CA,mba_finance,2
c0097,f1000_234,Edison,Sr Full Stack Engineer - IT Digital Factory Platform Team - 101682,New York,NY,computer_science,2
c0098,f1000_238,Ameriprise Financial,Software Engineer,Minneapolis,MN,computer_science,2
c0099,f1000_241,First Data,Sr Software Engineer,King of Prussia,PA,computer_science,2
c0100,f1000_244,BB&T,Web Engineer I,Raleigh,NC,computer_science,2
c0101,f1000_247,Biogen,Associate Data Scientist,Cambridge,MA,data_science,2
c0102,f1000_249,Stanley Black & Decker,Embedded Software Engineer,Towson,MD,computer_science,2
c0103,f1000_25,Bank of America,Data Scientist,Jersey City,NJ,data_science,2
c0104,f1000_250,Parker Hannifin,Software Engineer II,Irvine,CA,computer_science,2
c0105,f1000_251,Stryker,Senior Financial Analyst,Phoenix,AZ,mba_finance,2
c0106,f1000_264,Applied Materials,Physicist/Scientist III ,Santa Clara,CA,data_science,2
c0107,f1000_265,Voya Financial,Employee Relations Program Manager,Atlanta,GA,mba,2
c0108,f1000_266,Mastercard,Senior Data Engineer - Loyalty Offers Platform,San Francisco,CA,data_science,2
c0109,f1000_267,Priceline.com,Senior Data Scientist,Norwalk,CT,data_science,2
c0110,f1000_27,Microsoft,Data Scientist,Bellevue,WA,data_science,2
c0111,f1000_270,State Street,Quantitative Researcher/Developer - Assistant Vice President - CRD/GX,Cambridge,MA,data_science,2
c0112,f1000_273,HollyFrontier,Logistics Data Analyst,Dallas,TX,mba_finance,2
c0113,f1000_281,Grainger,Data Scientist,Chicago,IL,data_science,2
c0114,f1000_282,Autoliv,Transfer Pricing Tax Analyst - UT,Ogden,UT,mba_finance,2
c0115,f1000_287,Owens & Minor,Sr Accounting Analyst,Mechanicsville,VA,mba_finance,2
c0116,f1000_288,Huntsman,Product Manager - EO/EG/EOA,Houston,TX,mba,2
c0117,f1000_296,MGM Resorts,Senior Program Manager Project Management IT,Las Vegas,NV,mba,2
c0118,f1000_297,Corning,Sr Development Scientist,Painted Post,NY,data_science,2
c0119,f1000_30,Comcast,Senior Data Scientist,Wayne,PA,data_science,2
c0120,f1000_300,FIS Global,Java Software Engineer,Overland Park,KS,computer_science,2
c0121,f1000_301,Pacific Life,Sr Data Engineer,Newport Beach,CA,data_science,2
c0122,f1000_303,LKQ,AR Analyst,Antioch,TN,mba_analyst,2
c0123,f1000_304,BorgWarner,Financial Analyst - Senior,Auburn Hills,MI,mba_finance,2
c0124,f1000_307,PSEG,PSEGLI Load Research Specialist,Hicksville,NY,data_science,2
c0125,f1000_309,eBay,Data Scientist,Austin,TX,data_science,2
c0126,f1000_31,IBM,Software Developer,Littleton,MA,computer_science,2
c0127,f1000_310,Mohawk Industries,CUSTOMER EXPERIENCE PROJECT MANAGER,Calhoun,GA,mba,2
c0128,f1000_311,Oneok,FINANCIAL ANALYST I,Tulsa,OK,mba_finance,2
c0129,f1000_312,Frontier Communications,Sr IT Development Specialist,Rochester,NY,computer_science,2
c0130,f1000_313,Netflix,Sr Software Engineer - Machine Learning Infrastructure for Recommendations,Los Gatos,CA,data_science,2
c0131,f1000_316,Expedia,Data Scientist - I,Bellevue,WA,data_science,2
c0132,f1000_317,Lithia Motors,Spanish Speaking Automotive Finance Manager - Toyota,Lodi,CA,mba_finance,2
c0133,f1000_32,State Farm Insurance,Software Developer - Web Development,Bloomington,IL,computer_science,2
c0134,f1000_321,Tenneco,IT Analyst Service Support,Jeffersonville,IN,mba_finance,2
c0135,f1000_327,Newmont Mining,Senior - Inventory Analyst - Supply Chain-CC&V,Cripple Creek,CO,mba_analyst,2
c0136,f1000_33,Phillips 66,Market Analyst,Houston,TX,mba_finance,2
c0137,f1000_331,News Corp,VP/SVP - FP&A and Management Reporting,New York,NY,mba_finance,2
c0138,f1000_332,Crown,Research Associate I Flow Cytometry,San Diego,CA,data_science,2
c0139,f1000_334,PVH,Front End Web Developer - CALVIN KLEIN,New York,NY,computer_science,2
c0140,f1000_336,Navistar,Program Manager-Tech,Lisle,IL,mba,2
c0141,f1000_338,Campbell Soup,Program Manager - Quality Assurance,Norwalk,CT,mba,2
c0142,f1000_347,Foot Locker,Senior Manager - Data Engineering,Bradenton,FL,data_science,2
c0143,f1000_351,Zimmer Biomet,Project Manager,Warsaw,IN,mba,2
c0144,f1000_353,W.R. Berkley,Sr Decision Scientist,Urbandale,IA,data_science,2
c0145,f1000_360,Assurant,Software Engineer,Atlanta,GA,computer_science,2
c0146,f1000_365,Quest Diagnostics,Forensic Scientist,Lenexa,KS,data_science,2
c0147,f1000_367,WEC Energy Group,IT Applications Analyst,Milwaukee,WI,mba_analyst,2
c0148,f1000_368,Hershey,FINANCE MANAGER - HERSHEYPARK,Hershey,PA,mba_finance,2
c0149,f1000_379,Huntington Ingalls Industries,IT Project Manager 3,Newport News,VA,mba,2
c0150,f1000_38,Freddie Mac,Senior Data Engineer - Investments & Capital Markets,McLean,VA,data_science,2
c0151,f1000_387,R.R. Donnelley & Sons,Project Manager Global,New York,NY,mba,2
c0152,f1000_391,Dover,Product Manager - Compression,Pearland,TX,mba,2
c0153,f1000_396,Sealed Air,Senior Embedded Software Engineer,Charlotte,NC,computer_science,2
c0154,f1000_4,McKesson,Software Engineer,San Francisco,CA,computer_science,2
c0155,f1000_407,Constellation Brands,Analyst - Capex Controlling,Mexico,MO,mba_finance,2
c0156,f1000_409,Asbury Automotive Group,Finance & Insurance Manager Plaza BMW,Creve Coeur,MO,mba_finance,2
c0157,f1000_420,Builders FirstSource,Sales Product Manager,Chesapeake,VA,mba,2
c0158,f1000_424,Oshkosh,Program Manager,Oshkosh,WI,mba,2
c0159,f1000_425,iHeartMedia,Senior Software Engineer - Order Management Tools,Austin,TX,computer_science,2
c0160,f1000_426,TreeHouse Foods,Project Manager - Engineering,Oak Brook,IL,mba,2
c0161,f1000_429,Avery Dennison,Project Manager - External Embellishments,Dallas,TX,mba,2
c0162,f1000_431,Hanesbrands,Merchandising and Marketing Analyst I,Lenexa,KS,mba_analyst,2
c0163,f1000_44,Archer Daniels Midland,Scientist III - - IL,Decatur,IL,data_science,2
c0164,f1000_440,AK Steel,Financial Analyst/Accountant,Dearborn,MI,mba_finance,2
c0165,f1000_446,Dana,Research Technician,Boston,MA,data_science,2
c0166,f1000_451,United Rentals,Contact Center Speech Analyst,Charlotte,NC,mba_finance,2
c0167,f1000_452,Clorox,Program Manager,Durham,NC,mba,2
c0168,f1000_453,Genesis Healthcare,Customer Service Analyst,Kennett Square,PA,mba_finance,2
c0169,f1000_454,M&T Bank,Software Engineer I,Buffalo,NY,computer_science,2
c0170,f1000_47,Prudential,Data Science Senior Project Manager,Newark,NJ,data_science,2
c0171,f1000_472,Insight Enterprises,Sr Big Data Engineer,Atlanta,GA,data_science,2
c0172,f1000_476,Simon Property Group,Leasing Support Analyst,Indianapolis,IN,mba_finance,2
c0173,f1000_477,Western Union,Senior Software Engineer,Denver,CO,computer_science,2
c0174,f1000_480,Booz Allen Hamilton,Data Scientist,Washington,DC,data_science,2
c0175,f1000_481,Chemours,Global Product Manager Coatings & Paper,Wilmington,DE,mba,2
c0176,f1000_485,Seaboard,SENIOR FINANCIAL ANALYST,Shawnee Mission,KS,mba_analyst,2
c0177,f1000_486,Essendant,Analyst - Supplier Performance,Deerfield,IL,mba_analyst,2
c0178,f1000_487,Apache,IT Financial Applications Analyst,Houston,TX,mba_finance,2
c0179,f1000_488,Airgas,Senior Financial Analyst,Independence,OH,mba_finance,2
c0180,f1000_49,United Technologies Corp. Headquarters,Principal Engineer - Reverse Engineering/Software Engineering - UTC Project Zero,East Hartford,CT,computer_science,2
c0181,f1000_492,Robert Half,Software Engineer,San Ramon,CA,computer_science,2
c0182,f1000_495,Michaels,Product Manager - Seasonal,Irving,TX,mba,2
c0183,f1000_504,Domtar,Data Scientist,Raleigh,NC,data_science,2
c0184,f1000_505,Williams-Sonoma,Manager - Data Science,San Francisco,CA,data_science,2
c0185,f1000_506,Westlake Chemical,Sr Analyst,Houston,TX,mba_finance,2
c0186,f1000_507,Post,Senior Full Stack Software Engineer,Washington,DC,computer_science,2
c0187,f1000_508,Hasbro,Sr Financial Analyst,Providence,RI,mba_finance,2
c0188,f1000_517,CommScope,Project Manager,Shakopee,MN,mba,2
c0189,f1000_519,Cintas,Creative Services Project Manager,Mason,OH,mba,2
c0190,f1000_524,Hess,Analyst/Sr Analyst Supply Chain - Reliability Ops Job,Houston,TX,mba_analyst,2
c0191,f1000_528,RPM,Software Engineer,Rapid City,SD,computer_science,2
c0192,f1000_534,Commercial Metals,Business Analyst - Commercial Process,Irving,TX,mba_analyst,2
c0193,f1000_536,Polaris Industries,Embedded Software Engineer - CV,Sunnyvale,CA,computer_science,2
c0194,f1000_538,Trinity Industries,Financial Analyst,Dallas,TX,mba_finance,2
c0195,f1000_54,AIG,Back-End Developer,New York,NY,computer_science,2
c0196,f1000_541,Levi Strauss,Principal Data Scientist,San Francisco,CA,data_science,2
c0197,f1000_544,NiSource,Customer Experience - Digital Properties Operations Manager,Columbus,OH,mba_analyst,2
c0198,f1000_545,Coach,Customer Service Analyst,Delaware,OH,mba_analyst,2
c0199,f1000_549,CIT Group,AVP - Analytics and Data Science,Pasadena,CA,data_science,2
c0200,f1000_552,McCormick,PMO Sr Project Manager,Hunt Valley,MD,mba,2
c0201,f1000_554,Barnes & Noble,IT Security Analyst,Westbury,NY,mba_analyst,2
c0202,f1000_557,Coty,Sr Logistics Financial Analyst,Raleigh-Durham,NC,mba_finance,2
c0203,f1000_563,Welltower,Asset Management Analyst,Toledo,OH,mba_finance,2
c0204,f1000_566,KBR,Support Scientist,Mountain View,CA,data_science,2
c0205,f1000_57,FedEx,Data Scientist,Brookfield,WI,data_science,2
c0206,f1000_575,Agilent Technologies,R&D Scientist NGS,Santa Clara,CA,data_science,2
c0207,f1000_58,Hewlett Packard Enterprise,Senior Data Engineer,San Jose,CA,data_science,2
c0208,f1000_582,CA,UI Software Engineer - Infotainment,Sunnyvale,CA,computer_science,2
c0209,f1000_584,Sprouts Farmers Market,Schematics Analyst,Phoenix,AZ,mba_finance,2
c0210,f1000_586,Bemis,Project Manager,Oshkosh,WI,mba,2
c0211,f1000_587,Tiffany,Manager-Project Management - 360,New York,NY,mba,2
c0212,f1000_588,Flowserve,Data Scientist,Irving,TX,data_science,2
c0213,f1000_59,Cisco,Data Science Manager,San Jose,CA,data_science,2
c0214,f1000_590,Fastenal,IT Business Analyst,Winona,MN,mba_finance,2
c0215,f1000_597,ON Semiconductor,Senior Software Engineer,Phoenix,AZ,computer_science,2
c0216,f1000_599,Amkor Technology,Analyst - Data Science,Tempe,AZ,data_science,2
c0217,f1000_60,HP,Junior Data Scientist,Houston,TX,data_science,2
c0218,f1000_600,Triumph Group,Program Manager,Hot Springs,AR,mba,2
c0219,f1000_610,Xylem,Software Engineer,Morrisville,NC,computer_science,2
c0220,f1000_622,Carlisle,Manager - Product Marketing,Oklahoma City,OK,mba,2
c0221,f1000_623,Equinix,Web Development Senior Associate,Redwood City,CA,computer_science,2
c0222,f1000_624,LSC Communications,Product Manager 1,Topeka,KS,mba,2
c0223,f1000_625,Colfax,Estimator/Project Manager Demolition and Environmental Remediation,Chicago,IL,mba,2
c0224,f1000_626,Lennox,Marketing Research Analyst II,Richardson,TX,data_science,2
c0225,f1000_630,Moody's,Assistant Director - Software Engineer,San Francisco,CA,computer_science,2
c0226,f1000_631,Calumet Specialty Products Partners,Financial Reporting Accountant / Analyst,Indianapolis,IN,mba_finance,2
c0227,f1000_634,Vulcan Materials,Business Systems Analyst,Birmingham,AL,mba_finance,2
c0228,f1000_636,Vantiv,Data Scientist,Cincinnati,OH,data_science,2
c0229,f1000_639,Hub Group,IT Product Manager,Oak Brook,IL,mba,2
c0230,f1000_64,New York Life Insurance,Operational Risk and Control Assessment Program Manager,New York,NY,mba,2
c0231,f1000_640,HSN,Sr Application Developer - Java,Saint Petersburg,FL,computer_science,2
c0232,f1000_647,Camping World,Manager - Finance & Ins,Oklahoma City,OK,mba_finance,2
c0233,f1000_648,Iron Mountain,Senior Project Manager - Data Center,Manassas,VA,mba,2
c0234,f1000_652,Noble Energy,Investor Relations Analyst,Houston,TX,mba_finance,2
c0235,f1000_657,Ventas,Senior Financial Analyst - Business FP&A,Chicago,IL,mba_finance,2
c0236,f1000_66,American Airlines,Project Manager/Senior Project Manager - IT,Fort Worth,TX,mba,2
c0237,f1000_667,Sabre,Lead Data Scientist,Southlake,TX,data_science,2
c0238,f1000_672,PolyOne,Sr Product Manager,Birmingham,AL,mba,2
c0239,f1000_675,Greif,Accounts Receivable Analyst,Delaware,OH,mba_finance,2
c0240,f1000_682,CUNA Mutual Group,Analyst - Investments,Madison,WI,mba_finance,2
c0241,f1000_685,Warner Music Group,VP - FP&A,New York,NY,mba_finance,2
c0242,f1000_687,American National Insurance,Project Manager I,Springfield,MO,mba,2
c0243,f1000_689,Regal Beloit,Pricing Database Analyst,Beloit,WI,mba_analyst,2
c0244,f1000_690,Varian Medical Systems,US SAP ABAP Technical Analyst,Milpitas,CA,mba_finance,2
c0245,f1000_692,Visteon,Graphics and Video Software Engineer,San Francisco,CA,computer_science,2
c0246,f1000_696,Mednax,Sr Financial Analyst,Sunrise,FL,mba_finance,2
c0247,f1000_700,Coca-Cola Bottling,Business Manager - RCCB,San Jose,CA,mba,2
c0248,f1000_701,Kar Auction Services,Data Engineer,Chicago,IL,data_science,2
c0249,f1000_702,Equifax,Data Scientist,Atlanta,GA,data_science,2
c0250,f1000_712,Brown-Forman,Senior Supply Planning Analyst,Louisville,KY,mba_analyst,2
c0251,f1000_718,EchoStar,Real-Time/Embedded Software Development Engineer,Germantown,MD,computer_science,2
c0252,f1000_723,Univision Communications,Director - Project Management,Newfield,NJ,mba,2
c0253,f1000_726,H&R Block,Assoc Software Engineer,Kansas City,MO,computer_science,2
c0254,f1000_728,Service,Lead Data Scientist,Atlanta,GA,data_science,2
c0255,f1000_729,Brink's,Senior Compensation Analyst,Coppell,TX,mba_finance,2
c0256,f1000_73,Caterpillar,Software Engineer,Deerfield,IL,computer_science,2
c0257,f1000_732,KLA-Tencor,Senior Algorithm & Machine Learning Scientist,Ann Arbor,MI,data_science,2
c0258,f1000_733,Edwards Lifesciences,Manager - Project Management,Irvine,CA,mba,2
c0259,f1000_735,Comerica,Java Developer Staff Engineer,Auburn Hills,MI,computer_science,2
c0260,f1000_736,Paychex,Project Manager IV - IT,Rochester,NY,mba,2
c0261,f1000_739,Scotts Miracle-Gro,Master Data Analyst,Vancouver,WA,mba_finance,2
c0262,f1000_743,Cinemark,Financial Analyst - Business Functions,Plano,TX,mba_finance,2
c0263,f1000_753,Acadia Healthcare,IT Project Manager II,Franklin,TN,mba,2
c0264,f1000_755,Unisys,Full Stack Developer,Alexandria,VA,computer_science,2
c0265,f1000_756,Worthington Industries,Corporate Materials Scientist,Columbus,OH,data_science,2
c0266,f1000_761,Medical Mutual of Ohio,Software Developer III,Strongsville,OH,computer_science,2
c0267,f1000_763,Clean Harbors,Field Project Manager,Bridgeport,NY,mba,2
c0268,f1000_766,Crane,Software Engineer,Fremont,CA,computer_science,2
c0269,f1000_771,DSW,Senior Project Manager - Integration,Columbus,OH,mba,2
c0270,f1000_772,Intuitive Surgical,Business Information Data Scientist,Sunnyvale,CA,data_science,2
c0271,f1000_779,Dycom Industries,Software Engineer - iOS,Palm Beach Gardens,FL,computer_science,2
c0272,f1000_78,Energy Transfer Family of Partnerships,Lead Analyst - Risk Mgmt,San Antonio,TX,mba_finance,2
c0273,f1000_780,Timken,Program Manager - Global Reliability,North Canton,OH,mba,2
c0274,f1000_783,Hill-Rom,Sr Financial Analyst - Decision Support and Pricing,Chicago,IL,mba_finance,2
c0275,f1000_787,Ciena,Customer Service Manager / Program Manager,San Jose,CA,mba,2
c0276,f1000_788,Tetra Tech,Senior Environmental Scientist,Charlotte,NC,data_science,2
c0277,f1000_789,Caleres,Web Development Engineer,St. Louis,MO,computer_science,2
c0278,f1000_790,Pool,Construction Project Manager,La Vergne,TN,mba,2
c0279,f1000_792,Westar Energy,External Reporting Analyst,Kansas City,MO,mba_finance,2
c0280,f1000_8,AT&T,Data Scientist - AlienLabs,Austin,TX,data_science,2
c0281,f1000_800,Prologis,Scrum Master / Program Manager - Leasing and Property Management,Denver,CO,mba,2
c0282,f1000_801,Twitter,Machine Learning Engineer,Seattle,WA,data_science,2
c0283,f1000_803,Valmont Industries,Supply Chain Process Improvement Analyst,Valley,NE,mba_finance,2
c0284,f1000_807,Granite Construction,PROJECT MANAGER III,Tarrytown,NY,mba,2
c0285,f1000_811,Wolverine World Wide,Financial Analyst III,Rockford,MI,mba_finance,2
c0286,f1000_812,Graham,Program Manager,Elmhurst,IL,mba,2
c0287,f1000_815,Zions Bancorporation,Senior Data Science Developer,Salt Lake City,UT,data_science,2
c0288,f1000_816,Southwest Gas,Analyst II/Sr Analyst - Accounting,Las Vegas,NV,mba_finance,2
c0289,f1000_818,Hawaiian,Project Manager,Oahu Island,HI,mba,2
c0290,f1000_824,Equity Residential,Business Analyst - Operations,New York,NY,mba_finance,2
c0291,f1000_828,Cabot,Staff Accountant/Financial Analyst,Northfield,VT,mba_finance,2
c0292,f1000_830,TRI Pointe Group,Business Intelligence Analyst - Quadrant Homes,Bellevue,WA,mba_finance,2
c0293,f1000_840,Columbia Sportswear,Data Engineer - Supply Chain,Portland,OR,data_science,2
c0294,f1000_844,Edgewell Personal Care,Associate Scientist,Allendale,NJ,data_science,2
c0295,f1000_85,American Express,Sr Analyst-Data Science,New York,NY,data_science,2
c0296,f1000_853,Kansas City Southern,Assistant Engineering Project Manager,Kansas City,MO,mba,2
c0297,f1000_854,Revlon,Finance Manager - Global Direct Procurement,Edison,NJ,mba_finance,2
c0298,f1000_859,Spirit Airlines,Manager Software Engineering - Mobile,Miramar,FL,computer_science,2
c0299,f1000_86,TJX,Project Manager II,Marlborough,MA,mba,2
c0300,f1000_860,EnerSys,Project Manager II,Pinellas Park,FL,mba,2
c0301,f1000_866,Cheesecake Factory,Project Manager of Strategic Initiatives,Calabasas,CA,mba,2
c0302,f1000_868,Carlyle Group,Data Analyst,Arlington,VA,mba_finance,2
c0303,f1000_873,Herman Miller,Senior Financial Analyst - External Financial Reporting,Holland,MI,mba_finance,2
c0304,f1000_88,Exelon,Project Manager,Washington,DC,mba,2
c0305,f1000_881,Donaldson,Corporate Financial Analyst,Bloomington,MN,mba_finance,2
c0306,f1000_889,HNI,Senior Business Analyst,Muscatine,IA,mba_analyst,2
c0307,f1000_892,Express,Sr Analyst-Data Science,New York,NY,data_science,2
c0308,f1000_898,Waters,Principal Software Engineer,Milford,MA,computer_science,2
c0309,f1000_903,Universal,Sr Data Scientist - Advanced Analytics,Orlando,FL,data_science,2
c0310,f1000_905,IDEX,Sr Software Engineer,Oklahoma City,OK,computer_science,2
c0311,f1000_907,Curtiss-Wright,Software Engineer,Fairborn,OH,computer_science,2
c0312,f1000_909,NOW,Technical Product Manager,Boston,MA,mba,2
c0313,f1000_912,H.B. Fuller,Product Manager Sr - General Industries,Vadnais Heights,MN,mba,2
c0314,f1000_913,PharMerica,Product Marketing Manager,Louisville,KY,mba,2
c0315,f1000_92,CHS,Program Manager,Monroe,MI,mba,2
c0316,f1000_923,Renewable Energy Group,Manager - Strategic Planning and Analysis,Ames,IA,mba_finance,2
c0317,f1000_926,Tower,Medical Lab Scientist,Reading,PA,data_science,2
c0318,f1000_929,E Trade Financial,Senior Staff - Software Engineering,Menlo Park,CA,computer_science,2
c0319,f1000_93,3M,3M HIS M Modal Software Engineer-Machine Learning,Pittsburgh,PA,data_science,2
c0320,f1000_931,Esterline Technologies,Program Manager,Coachella,CA,mba,2
c0321,f1000_94,Time Warner,Data Scientist,Atlanta,GA,data_science,2
c0322,f1000_947,Cooper,Sr Principal Software Engineer,Lewisville,TX,computer_science,2
c0323,f1000_954,Popular,Business Analyst,San Juan,PR,mba_finance,2
c0324,f1000_955,Alliance,Data Scientist,Springfield,VA,data_science,2
c0325,f1000_957,Rexnord,Project Manager,Milwaukee,WI,mba,2
c0326,f1000_958,Cypress Semiconductor,Sr Financial Analyst,San Jose,CA,mba_finance,2
c0327,f1000_96,Northwestern Mutual,Associate Data Engineer,Milwaukee,WI,data_science,2
c0328,f1000_960,Ply Gem,Assistant Product Manager - Metal,Kansas City,MO,mba,2
c0329,f1000_965,Blackhawk Network,Senior Financial Analyst - IT,Pleasanton,CA,mba_finance,2
c0330,f1000_968,BlueLinx,Product Manager,Houston,TX,mba,2
c0331,f1000_969,New Jersey Resources,Manager-Financial Planning & Business Analysis,Wall,NJ,mba_finance,2
c0332,f1000_979,GoDaddy,Data Scientist - Quantitative Marketing,Hiawatha,IA,data_science,2
c0333,f1000_988,Central Garden & Pet,Sr Software Engineer,Walnut Creek,CA,computer_science,2
c0334,f1000_991,Cadence Design Systems,Software Engineer,San Jose,CA,data_science,2
c0335,f1000_992,Carpenter Technology,Cost Analyst,Reading,PA,mba_finance,2
c0336,f1000_993,Marriott Vacations Worldwide,Financial Analyst,Orlando,FL,mba_finance,2
c0337,f1000_995,Nordson,Program Manager,Marlborough,MA,mba,2
c0338,f1000_999,Regis,Senior Software Engineer - Web Frontend UI Development,Fremont,CA,computer_science,2
c0339,forbes_1,Slack,Staff Software Engineer - Data Infrastructure - Data Engineering,San Francisco,CA,data_science,2
c0340,forbes_21,Yardi,Project Manager,Santa Barbara,CA,mba,2
c0341,forbes_26,Apttus,Program Manager,San Mateo,CA,mba,2
c0342,forbes_51,DataStax,Sr Software Engineer - DataStax Managed Cloud,Santa Clara,CA,computer_science,2
c0343,forbes_54,SMS Assist,Business Analyst,Chicago,IL,mba_finance,2
c0344,forbes_57,Welltok,Manager - Financial Planning & Analysis,Denver,CO,mba_finance,2
c0345,forbes_6,Qualtrics,Services Product Manager,Provo,UT,mba,2
c0346,forbes_63,FinancialForce,Sr Revenue Analytics Manager,San Francisco,CA,mba_finance,2
c0347,forbes_7,Squarespace,Senior Software Engineer - Data Engineering,New York,NY,data_science,2
c0348,forbes_74,American Well,Product Manager - Web,Boston,MA,mba,2
c0349,forbes_8,Elastic,Full Stack Developer,Denver,CO,computer_science,2
c0350,forbes_81,Evernote,Senior JavaScript Engineer - Editor Platform,Austin,TX,computer_science,2
c0351,forbes_84,Braze,Accounts Payable Analyst,New York,NY,mba_analyst,2
c0352,forbes_87,Carta,Senior Software Engineer,New York,NY,computer_science,2
c0353,glassdoor_102,VI,Senior Project Manager,Oklahoma City,OK,mba,2
c0354,glassdoor_103,ABC Supply Co,Business Intelligence Analyst,Telford,PA,mba_analyst,2
c0355,glassdoor_112,John Deere,Software Engineer,Moline,IL,computer_science,2
c0356,glassdoor_113,NewYork-Presbyterian Hospital,Program Director Research Science Value Institute,Manhattan,NY,data_science,2
c0357,glassdoor_117,MD Anderson Cancer Center,STAFF SCIENTIST - GI MEDICAL ONCOLOGY,Houston,TX,data_science,2
c0358,glassdoor_128,Costco Wholesale,Software Developer - SAP DS 2896,Issaquah,WA,computer_science,2
c0359,glassdoor_130,Discount Tire,Service Desk Analyst PT,Scottsdale,AZ,mba_analyst,2
c0360,glassdoor_132,Phoenix Children's Hospital,IT Project Manager,Phoenix,AZ,mba,2
c0361,glassdoor_133,Massachusetts General Hospital,Research Technician,Boston,MA,data_science,2
c0362,glassdoor_134,FedEx Freight,Sr Analyst-Finance,Memphis,TN,mba_finance,2
c0363,glassdoor_135,Edward Jones,Senior Software Engineer,St. Louis,MO,computer_science,2
c0364,glassdoor_140,Gensler,Project Manager,Atlanta,GA,mba,2
c0365,glassdoor_24,Front,Application Project Manager,Washington,DC,mba,2
c0366,glassdoor_27,OppLoans,Product Manager,Chicago,IL,mba,2
c0367,glassdoor_32,KeepTruckin,Software Engineer - Backend,San Francisco,CA,computer_science,2
c0368,glassdoor_38,Spreetail,Financial Analyst - Marketing,Austin,TX,mba_finance,2
c0369,glassdoor_39,Towne Properties,Property Development Project Manager,Dublin,OH,mba,2
c0370,glassdoor_40,Sage Intacct,Sales Operations Analyst,San Jose,CA,mba_finance,2
c0371,glassdoor_45,Berkshire,Software Engineer I ,San Francisco,CA,computer_science,2
c0372,glassdoor_46,Indigo,Data Science Co-op - Geoinnovation,Boston,MA,data_science,2
c0373,glassdoor_52,In-N-Out Burger,Wellness Program Manager,Irvine,CA,mba,2
c0374,glassdoor_54,Boston Consulting Group,IT Senior Product Manager,Atlanta,GA,mba,2
c0375,glassdoor_58,lululemon,Senior Project Manager,Seattle,WA,mba,2
c0376,glassdoor_63,Slalom,Data & Analytics - Data Engineer,San Francisco,CA,data_science,2
c0377,glassdoor_70,Ryan,Research Assistant - Think Speak Core - Full-time,Chicago,IL,data_science,2
c0378,glassdoor_71,Sammons Financial Group,Project Manager 3,West Des Moines,IA,mba,2
c0379,glassdoor_73,Lawrence Livermore National Laboratory,Nuclear Scientist,Livermore,CA,data_science,2
c0380,glassdoor_93,Kronos,Research Associate - Discovery Chemistry,Cambridge,MA,data_science,2
c0381,glassdoor_94,Nebraska Furniture Mart,Programmer Analyst III,Omaha,NE,mba_analyst,2
c0382,hedge_0,Bridgewater Associates,Senior Software Engineer,Atlanta,GA,computer_science,2
c0383,hedge_40,Fortress Investment Group,FP&A Analyst,New York,NY,mba_finance,2
c0384,hedge_42,Value Partners,Data Scientist - Cyber Security,Washington,DC,data_science,2
c0385,nasdaq_AAOI,Applied Optoelectronics,Full Stack Web Software Engineer,Sugar Land,TX,computer_science,2
c0386,nasdaq_AMBA,Ambarella,Sr Software Engineer,Santa Clara,CA,computer_science,2
c0387,nasdaq_APY,Apergy,Finance Manager,Tomball,TX,mba_finance,2
c0388,nasdaq_ASYS,Amtech Systems,Project Manager II,Albuquerque,NM,mba,2
c0389,nasdaq_AVGO,Broadcom,Software Engineer,Plano,TX,computer_science,2
c0390,nasdaq_BL,BlackLine,Software Developer Engineer in Test,Woodland Hills,CA,computer_science,2
c0391,nasdaq_CARB,Carbonite,Senior Product Manager,Boston,MA,mba,2
c0392,nasdaq_CARG,CarGurus,Senior Revenue Analyst,Cambridge,MA,mba_finance,2
c0393,nasdaq_CASA,Casa Systems,Software Engineer - VNFM,Andover,MA,computer_science,2
c0394,nasdaq_CLDR,Cloudera,Software Engineer in Test - Machine Learning,Palo Alto,CA,data_science,2
c0395,nasdaq_CLS,Celestica,Financial Controls Manager,Fremont,CA,mba_finance,2
c0396,nasdaq_CMTL,Comtech Telecommunications,Lead Software Engineer,Tempe,AZ,computer_science,2
c0397,nasdaq_CTG,Computer Task Group,Sr Java Developer - 19204594,Morrisville,NC,computer_science,2
c0398,nasdaq_CTS,CTS,web developer,Orlando,FL,computer_science,2
c0399,nasdaq_DAVA,Endava,VP of Sales - Finance and Banking,Los Angeles,CA,mba_finance,2
c0400,nasdaq_DDD,3D Systems,Senior Software Engineer,San Diego,CA,computer_science,2
c0401,nasdaq_DGII,Digi,Sr Product Manager,Minnetonka,MN,mba,2
c0402,nasdaq_DMRC,Digimarc,Embedded Systems Software Engineer,Beaverton,OR,computer_science,2
c0403,nasdaq_ECOM ,ChannelAdvisor,Product Marketing Manager,Morrisville,NC,mba,2
c0404,nasdaq_EMKR,Emcore,Software Engineer,Alhambra,CA,computer_science,2
c0405,nasdaq_ERII,Energy Recovery,Manager - Financial Planning & Analysis,San Leandro,CA,mba_finance,2
c0406,nasdaq_ETN,Eaton,Scientist I,Monrovia,CA,data_science,2
c0407,nasdaq_FEYE,FireEye,Senior Data Scientist,Reston,VA,data_science,2
c0408,nasdaq_GDI,Gardner Denver,Product Manager - Process Pumps,Quincy,IL,mba,2
c0409,nasdaq_INFO,IHS Markit,Associate Software Engineer,New York,NY,computer_science,2
c0410,nasdaq_INOV,Inovalon,Senior Analyst - Financial and Quantitative Analytics,Bowie,MD,mba_finance,2
c0411,nasdaq_INST,Instructure,Lead Software Engineer in Test,Seattle,WA,computer_science,2
c0412,nasdaq_IPAS,iPass,Javascript Engineer,Oak Brook,IL,computer_science,2
c0413,nasdaq_IPGP,IPG Photonics,Software Engineer,Marlborough,MA,computer_science,2
c0414,nasdaq_JCOM,j2 Global,Sr Director Financial Systems,Hollywood,CA,mba_finance,2
c0415,nasdaq_LN,LINE,Senior Data Scientist - Python and Pytorch Developer,Crescent Springs,KY,data_science,2
c0416,nasdaq_LPSN,LivePerson,Project Manager,Austin,TX,mba,2
c0417,nasdaq_MRIN,Marin Software,Full Stack Engineer-JavaScript/Java,Portland,OR,computer_science,2
c0418,nasdaq_NICE,NICE,Software Engineer,Richardson,TX,computer_science,2
c0419,nasdaq_NOK,Nokia,Staff Software Engineer,Raleigh,NC,computer_science,2
c0420,nasdaq_NTNX,Nutanix,Software Engineer - OEM Platforms,San Jose,CA,computer_science,2
c0421,nasdaq_OSIS,OSI Systems,Financial Analyst,Hawthorne,CA,mba_finance,2
c0422,nasdaq_PHUN,Phunware,Software Engineer - iOS,Newport Beach,CA,computer_science,2
c0423,nasdaq_PNR,Pentair,Credit Analyst,Cary,NC,mba_finance,2
c0424,nasdaq_PRO,PROS,Product Manager,Houston,TX,mba,2
c0425,nasdaq_PSDO,Presidio,Senior Project Manager,Pleasanton,CA,mba,2
c0426,nasdaq_PSTG,Pure Storage,Executive Program Manager,Mountain View,CA,mba,2
c0427,nasdaq_PTC,PTC,PhD - Neuroscientist - In/Ex Vivo Bioanalysis,South Plainfield,NJ,data_science,2
c0428,nasdaq_PVTL,Pivotal Software,Agile Practice Lead - Software Development,New York,NY,computer_science,2
c0429,nasdaq_QTM,Quantum,Director of Programs & Research,Orlando,FL,data_science,2
c0430,nasdaq_QTNA,Quantenna Communications,Senior Program Manager,San Jose,CA,mba,2
c0431,nasdaq_QTWO,Q2,Manager - BioServices Project Management,Marietta,GA,mba,2
c0432,nasdaq_RBBN,Ribbon Communications,Associate Software Engineer - SBC,Westford,MA,computer_science,2
c0433,nasdaq_RMBL,RumbleOn,Full-Stack Developer-React Native,Dallas,TX,computer_science,2
c0434,nasdaq_RNWK,RealNetworks,Agile Project Manager,New York,NY,mba,2
c0435,nasdaq_SAIL,SailPoint Technologies,Full Stack Engineer - angular js - IdentityIQ,Austin,TX,computer_science,2
c0436,nasdaq_SEDG,SolarEdge Technologies,Firmware/Embedded Software Engineer,Fremont,CA,computer_science,2
c0437,nasdaq_SPA,Sparton,Software Engineer III,De Leon Springs,FL,computer_science,2
c0438,nasdaq_SPWR,SunPower,Senior Software Engineer,San Jose,CA,computer_science,2
c0439,nasdaq_SQ,Square,Data Science Lead - Cash App,San Francisco,CA,data_science,2
c0440,nasdaq_SSNC,SS&C Technologies,Data Scientist - AI/Machine Learning - SS&C Technologies,Newtown,CT,data_science,2
c0441,nasdaq_SYNA,Synaptics,Software Engineer,San Jose,CA,computer_science,2
c0442,nasdaq_TLRA,Telaria,Software Engineer,Mountain View,CA,computer_science,2
c0443,nasdaq_TRUE,TrueCar,Data Scientist - Product Analytics,Santa Monica,CA,data_science,2
c0444,nasdaq_TSRI,TSR,Full Stack Net Developer,Chicago,IL,computer_science,2
c0445,nasdaq_TTD,The Trade Desk,Senior Product Manager - Customer Experience,New York,NY,mba,2
c0446,nasdaq_TTEC,TTEC,Digital Learning Project Manager,Englewood,CO,mba,2
c0447,nasdaq_TWLO,Twilio,Sr Software Engineer - Android Voice and Video SDKs,San Francisco,CA,computer_science,2
c0448,nasdaq_UCTT,Ultra Clean,Compensation Analyst ,Hayward,CA,mba_finance,2
c0449,nasdaq_ULTI,The Ultimate Software Group,BI ANALYST II,Alpharetta,GA,mba_finance,2
c0450,nasdaq_VMW,Vmware,Data Engineer,Austin,TX,data_science,2
c0451,nasdaq_VRNT,Verint Systems,Analyst - IT Finance,Alpharetta,GA,mba_finance,2
c0452,nasdaq_VRTU,Virtusa,Full Stack Developer,Addison,TX,computer_science,2
c0453,nasdaq_VUZI,Vuzix,Senior Software Engineer Android App,West Henrietta,NY,computer_science,2
c0454,nasdaq_WIT,Wipro Limited,Software Developer,Nashville,TN,computer_science,2
c0455,ru_ABCD,Cambium Learning,Senior Software Engineer,Ann Arbor,MI,computer_science,2
c0456,ru_ABG,Asbury Automotive,Finance & Insurance Manager Plaza BMW,Creve Coeur,MO,mba_finance,2
c0457,ru_ABR,Arbor Realty Trust,Portfolio Retention Analyst,Boston,MA,mba_finance,2
c0458,ru_ACCO,Acco Brands,Web Developer - Ecommerce,Lake Zurich,IL,computer_science,2
c0459,ru_ACRS,Aclaris Therapeutics,Marketing Product Manager,Wayne,PA,mba,2
c0460,ru_ADNT,Adient,Financial Analyst,Plymouth,MI,mba_analyst,2
c0461,ru_ADRO,Aduro Biotech,Scientist II - Personalized Medicine,Berkeley,CA,data_science,2
c0462,ru_ADT,ADT,Financial Analyst - FP&A,Boca Raton,FL,mba_finance,2
c0463,ru_AEGN,Aegion,Senior Financial Analyst,Chesterfield,MO,mba_finance,2
c0464,ru_AFSI,Amtrust Financial,Vendor Risk Analyst,Cleveland,OH,mba_finance,2
c0465,ru_AGN,Allergan,Software Engineer,New York,NY,computer_science,2
c0466,ru_AHL,Aspen Insurance,Senior Operations Analyst,New York,NY,mba_finance,2
c0467,ru_AIG,American,Data Scientist,Washington,DC,data_science,2
c0468,ru_AIMC,Altra Industrial Motion,Product Manager,Michigan City,IN,mba,2
c0469,ru_AIN,Albany,IT Project Manager,Laramie,WY,mba,2
c0470,ru_AKRX,Akorn,Senior Auditor - Internal Audit & Financial Controls,Lake Forest,IL,mba_finance,2
c0471,ru_ALBO,Albireo Pharma,Program Manager,Boston,MA,mba,2
c0472,ru_ALG,Alamo,Sr IT Project Manager,Austin,TX,mba,2
c0473,ru_ALGN,Align Technology,Data Engineer,Raleigh,NC,data_science,2
c0474,ru_ALGT,Allegiant Travel,Financial Analyst,Las Vegas,NV,mba_finance,2
c0475,ru_ALLE,Allegion,Senior Software Engineer,Boulder,CO,computer_science,2
c0476,ru_AMAG,Amag Pharmaceuticals,Senior Business Systems Analyst,Waltham,MA,mba_analyst,2
c0477,ru_AMWD,American Woodmark,BI Data Analyst,Winchester,VA,mba_finance,2
c0478,ru_ARGO,Argo Group,Business Analyst,San Antonio,TX,mba_analyst,2
c0479,ru_AROC,Archrock,Operations Analyst,Greeley,CO,mba_finance,2
c0480,ru_ARRY,Array Biopharma,Research Associate / Associate Scientist - Medicinal Chemistry,Boulder,CO,data_science,2
c0481,ru_ASMB,Assembly Biosciences,Senior Bioinformatics Scientist,South San Francisco,CA,data_science,2
c0482,ru_ATKR,Atkore,QA Analyst I,Thomasville,GA,mba_analyst,2
c0483,ru_ATRA,Atara Biotherapeutics,Scientist - Analytical Sciences,Thousand Oaks,CA,data_science,2
c0484,ru_ATRO,Astronics,Software Engineer,East Aurora,NY,computer_science,2
c0485,ru_ATRS,Antares Pharma,Cost & Financial Analyst,Ewing,NJ,mba_finance,2
c0486,ru_B,Barnes,IT Security Analyst,Westbury,NY,mba_analyst,2
c0487,ru_BANR,Banner,Fund Development Program Manager,Phoenix,AZ,mba,2
c0488,ru_BAS,Basic Energy Services,Field Application Analyst/Technician,Fort Worth,TX,mba_analyst,2
c0489,ru_BCO,Brinks,Senior Process Development Analyst,Farmers Branch,TX,mba_analyst,2
c0490,ru_BEL,Belmond,Financial Controller,Santa Barbara,CA,mba_finance,2
c0491,ru_BHF,Brighthouse Financial,Associate Compliance Analyst,Charlotte,NC,mba_finance,2
c0492,ru_BKH,Black Hills,Digital Banking Analyst,Rapid City,SD,mba_analyst,2
c0493,ru_BLD,Topbuild,Operations Finance Manager,Daytona Beach,FL,mba_finance,2
c0494,ru_BMRC,Bank of Marin Bank,Credit Analyst - Senior,Santa Rosa,CA,mba_finance,2
c0495,ru_BOH,Bank of Hawaii,Dispute Analyst,Honolulu,HI,mba_finance,2
c0496,ru_BOJA,Bojangles,Data Scientist,Charlotte,NC,data_science,2
c0497,ru_BOLD,Audentes Therapeutics,Scientist I-II - Bioanalytics,South San Francisco,CA,data_science,2
c0498,ru_BPMC,Blueprint Medicines,Senior Product Manager - Marketing,Cambridge,MA,mba,2
c0499,ru_BRC,Brady,Global Product Manager,Milwaukee,WI,mba,2
c0500,ru_BRO,Brown & Brown,Senior Benefits Analyst,Maitland,FL,mba_analyst,2
c0501,ru_BRX,Brixmor Property,Business Intelligence Developer/Data Scientist,Philadelphia,PA,data_science,2
c0502,ru_BUSE,First Busey,Credit Analyst,Creve Coeur,MO,mba_finance,2
c0503,ru_BXG,Bluegreen Vacations,Senior Business Analyst,Boca Raton,FL,mba_finance,2
c0504,ru_CADE,Cadence Bank,Loan Operations Analyst,Houston,TX,mba_finance,2
c0505,ru_CALX,Calix,Staff or Principal Software Engineer in Test,Petaluma,CA,computer_science,2
c0506,ru_CAR,Avis Budget,Product Manager,Parsippany,NJ,mba,2
c0507,ru_CATM,Cardtronics,Sr Global Product Manager - Software,Frisco,TX,mba,2
c0508,ru_CBM,Cambrex,Data Review Scientist,Charles City,IA,data_science,2
c0509,ru_CBMG,Cellular Biomedicine,Research Associate/Scientist,Gaithersburg,MD,data_science,2
c0510,ru_CBRE,Cbre,Sr Software & Data Engineer,Dallas,TX,data_science,2
c0511,ru_CCL,Carnival,Senior Financial Analyst,Miami,FL,mba_finance,2
c0512,ru_CCS,Century Communities,Land Development Project Manager,Greenwood Village,CO,mba,2
c0513,ru_CDE,Coeur Mining,Manager - Financial Reporting,Chicago,IL,mba_finance,2
c0514,ru_CECO,Career Education,Grants Analyst,Little Rock,AR,mba_finance,2
c0515,ru_CGNX,Cognex,Software Engineer,Natick,MA,computer_science,2
c0516,ru_CHCO,City,Data Scientist - Institutional Advancement,Philadelphia,PA,data_science,2
c0517,ru_CHCT,Community Healthcare,Program Manager,New York,NY,mba,2
c0518,ru_CHH,Choice Hotels,Software Engineer 2,Phoenix,AZ,computer_science,2
c0519,ru_CIT,CIT,AVP - Analytics and Data Science,Pasadena,CA,data_science,2
c0520,ru_CLNY,Colony Capital,Analyst,Los Angeles,CA,mba_finance,2
c0521,ru_CMCO,Columbus Mckinnon,SAP Business Analyst - FICO,Getzville,NY,mba_finance,2
c0522,ru_CME,CME,Sr Software Engineer - C - Net,Chicago,IL,computer_science,2
c0523,ru_CMP,Compass Minerals,Product Manager,Overland Park,KS,mba,2
c0524,ru_CMPR,Cimpress,Lead Data Scientist,Waltham,MA,data_science,2
c0525,ru_CNDT,Conduent,BI Data Engineer,Morrisville,NC,data_science,2
c0526,ru_CNMD,Conmed,Senior Lead Financial Analyst,Largo,FL,mba_finance,2
c0527,ru_CNO,Cno Financial,Investment Analyst,Indianapolis,IN,mba_finance,2
c0528,ru_COO,Cooper Companies,Financial Analyst,Columbus,OH,mba_finance,2
c0529,ru_COOL,Polarityte,Gene Therapy Research Scientist/Director,Salt Lake City,UT,data_science,2
c0530,ru_CORT,Corcept Therapeutics,Manager/Project Manager - Information Technology Enterprise Applications,Menlo Park,CA,mba,2
c0531,ru_CPK,Chesapeake Utilities,Sr Business Process Analyst,Fernandina Beach,FL,mba_finance,2
c0532,ru_CPRT,Copart,Sr Software Engineer,Dallas,TX,computer_science,2
c0533,ru_CPT,Camden Property Trust,Sr Financial Report Analyst,Houston,TX,mba_finance,2
c0534,ru_CRC,California Resources,Financial Analyst,Bakersfield,CA,mba_finance,2
c0535,ru_CRCM,Care.com,Mobile Product Manager,San Francisco,CA,mba,2
c0536,ru_CRI,Carter,Commercial Installed Sales Project Manager,Dayton,OH,mba,2
c0537,ru_CSGP,Costar,Senior Data Engineer - Analytics,San Diego,CA,data_science,2
c0538,ru_CUB,Cubic,Software Engineer,San Diego,CA,computer_science,2
c0539,ru_CUBE,Cubesmart,Product Manager - Financial Systems,Malvern,PA,mba,2
c0540,ru_CUBI,Customers Bank,Associate Product Manager,New Haven,CT,mba,2
c0541,ru_CVA,Covanta,Director - IT Program Management,Morristown,NJ,mba,2
c0542,ru_CZNC,Citizens & Northern,Credit Analyst II,Doylestown,PA,mba_finance,2
c0543,ru_DDS,Dillards,Kiehls Business Manager,Boise,ID,mba,2
c0544,ru_DERM,Dermira,Manager/Senior Manager - R&D FP&A,Menlo Park,CA,mba_finance,2
c0545,ru_DFIN,Donnelley Financial,Software Engineer,Lancaster,PA,computer_science,2
c0546,ru_DISCA,Discovery,Scientist,Madison,WI,data_science,2
c0547,ru_DLTH,Duluth,Finance Manager,Duluth,MN,mba_finance,2
c0548,ru_DOX,Amdocs,Software Engineer,Alpharetta,GA,computer_science,2
c0549,ru_ECOL,Us Ecology,Senior Compensation Analyst,Boise,ID,mba_analyst,2
c0550,ru_ECPG,Encore Capital,Sr IT Project Manager,San Diego,CA,mba,2
c0551,ru_EE,El Paso Electric,NERC TRAINER - ASSOC-STAFF - L1210658-L2210659,El Paso,TX,data_science,2
c0552,ru_EGHT,8X8 Inc,Creative Program Manager,San Jose,CA,mba,2
c0553,ru_EHTH,Ehealth,Data Scientist,Santa Clara,CA,data_science,2
c0554,ru_EIG,Employers,Associate Software Developer,St. Louis,MO,computer_science,2
c0555,ru_EIGI,Endurance,Senior Software Engineer,Waltham,MA,computer_science,2
c0556,ru_ELGX,Endologix,Principal Product Surveillance Analyst,Irvine,CA,mba_analyst,2
c0557,ru_ELVT,Elevate Credit,Business Analyst II,Fort Worth,TX,mba_finance,2
c0558,ru_EME,Emcor,Project Manager,Edwards,CA,mba,2
c0559,ru_EML,Eastern,Research Assistant I,Norfolk,VA,data_science,2
c0560,ru_ENDP,Endo,Associate Director - Supply Chain Finance,Chestnut Ridge,NY,mba_finance,2
c0561,ru_ENR,Energizer,Project Manager - PMO,St. Louis,MO,mba,2
c0562,ru_EQT,EQT,Land Analyst II,Canonsburg,PA,mba_analyst,2
c0563,ru_ERA,ERA,Product Marketing Manager,Waukesha,WI,mba,2
c0564,ru_ESRT,Empire State Realty,Financial Analyst,New York,NY,mba_finance,2
c0565,ru_ETM,Entercom Communications,Digital Project Manager ,Chicago,IL,mba,2
c0566,ru_EV,Eaton Vance,Structured Finance Analyst,Boston,MA,mba_finance,2
c0567,ru_EVBN,Evans Bank,Special Assets Analyst,Burley,ID,mba_finance,2
c0568,ru_EVRI,Everi,Program Manager,Austin,TX,mba,2
c0569,ru_EWBC,East West Bank,Senior Financial Analyst,Pasadena,CA,mba_finance,2
c0570,ru_EXAS,Exact Sciences,Application Scientist I - Technical Services,Madison,WI,data_science,2
c0571,ru_FBC,Flagstar Bank,Sr Java Developer,Troy,MI,computer_science,2
c0572,ru_FCCY,1St Constitution Bank,SBA Credit Analyst,Fort Lee,NJ,mba_finance,2
c0573,ru_FHB,First Hawaiian,Analytics Risk Officer,Honolulu,HI,mba_finance,2
c0574,ru_FII,Federated Investors,Associate Performance & Risk Analyst,Pittsburgh,PA,mba_finance,2
c0575,ru_FIXX,Homology Medicines,Senior Scientist - Analytical Development,New Bedford,MA,data_science,2
c0576,ru_FMBI,First Midwest Bank,Corporate Real Estate Financial Analyst,Chicago,IL,mba_finance,2
c0577,ru_FND,Floor & Decor,Drayage Program Manager,Smyrna,GA,mba,2
c0578,ru_FNGN,Financial Engines,Financial Planning Analyst,Silver Spring,MD,mba_finance,2
c0579,ru_FOLD,Amicus Therapeutics,Scientist - Cell Culture,Cranbury,NJ,data_science,2
c0580,ru_FRAC,Keane,Data Analyst,King of Prussia,PA,mba_finance,2
c0581,ru_FSS,Federal Signal,JD Edwards Business Analyst - Finance & Procurement,University Park,IL,mba_analyst,2
c0582,ru_FULT,Fulton Financial,Business Intelligence Associate Data Science Architect,East Petersburg,PA,data_science,2
c0583,ru_G,Genpact,Full Stack Developer,Reston,VA,computer_science,2
c0584,ru_GATX,Gatx,Sr Financial Reporting Analyst SEC,Chicago,IL,mba_finance,2
c0585,ru_GBLI,Global Indemnity,Sr Business Analyst,Scottsdale,AZ,mba_finance,2
c0586,ru_GCP,Gcp Applied Technologies,Group Product Manager - SCC Americas,Cambridge,MA,mba,2
c0587,ru_GDOT,Green Dot,Senior Software Engineer,Pasadena,CA,computer_science,2
c0588,ru_GEO,GEO,MGR - REGL TRAINING - CENTRAL,San Antonio,TX,data_science,2
c0589,ru_GGG,Graco,Digital Marketing Analyst,Minneapolis,MN,mba_finance,2
c0590,ru_GNRC,Generac,Connectivity Project Manager,Waukesha,WI,mba,2
c0591,ru_GPX,Gp Strategies,Financial Analyst,Columbia,MD,mba_finance,2
c0592,ru_GSBC,Great Southern Bank,Financial Reporting Manager,Springfield,MO,mba_finance,2
c0593,ru_GWRS,Global Water Resources,Development Services Project Manager,Phoenix,AZ,mba,2
c0594,ru_HCA,Hca Healthcare,Project Manager,Nashville,TN,mba,2
c0595,ru_HCI,HCI,Logistics Analyst Product Support Integration,Wharton,NJ,mba_analyst,2
c0596,ru_HCKT,Hackett,Lead Research & Development Analyst,Cincinnati,OH,data_science,2
c0597,ru_HELE,Helen of Troy,Manager - Corporate FP&A,El Paso,TX,mba_finance,2
c0598,ru_HF,HFF,Investment Advisory Analyst ,Phoenix,AZ,mba_finance,2
c0599,ru_HGV,Hilton Grand Vacations,Jr Financial Analyst - Budgeting and Forecasting,Las Vegas,NV,mba_finance,2
c0600,ru_HHC,Howard Hughes,Research Technician Visual Learning Behavior,Ashburn,VA,data_science,2
c0601,ru_HI,Hillenbrand,Senior Benefits Analyst,Batesville,IN,mba_finance,2
c0602,ru_HLF,Herbalife Nutrition,Scientist - Sensory Quality,Winston-Salem,NC,data_science,2
c0603,ru_HMSY,HMS,Security Analyst 19-022,Austin,TX,mba_finance,2
c0604,ru_HOME,At Home,Financial Analyst,Plano,TX,mba_finance,2
c0605,ru_HSC,Harsco,Program Manager Measurement Products,Charlotte,NC,mba,2
c0606,ru_HSY,Hershey Company,Senior Analyst IT Service Management,Hershey,PA,mba_analyst,2
c0607,ru_HUD,Hudson,Software Engineer I,New York,NY,computer_science,2
c0608,ru_HURN,Huron Consulting,Marketing Project Manager - Corporate,Chicago,IL,mba,2
c0609,ru_HVT,Haverty Furniture,Software Engineer,Atlanta,GA,computer_science,2
c0610,ru_HWC,Hancock Whitney,Senior Programmer Analyst 2,Gulfport,MS,mba_finance,2
c0611,ru_HZNP,Horizon Pharma,Sr Analyst - Business Development,Lake Forest,IL,mba_finance,2
c0612,ru_HZO,Marinemax,Business/Finance Manager,Somers Point,NJ,mba_finance,2
c0613,ru_IART,Integra Lifesciences,Senior Product Manager,Plainsboro,NJ,mba,2
c0614,ru_IBCP,Independent Bank,BSA Analyst I,McKinney,TX,mba_finance,2
c0615,ru_IBKR,Interactive Brokers,Data Scientist,New York,NY,data_science,2
c0616,ru_ICUI,Icu Medical,Development Scientist - Materials,Austin,TX,data_science,2
c0617,ru_IESC,IES,Project Manager,Social Circle,GA,mba,2
c0618,ru_IHC,Independence,Research Analyst,Philadelphia,PA,data_science,2
c0619,ru_III,Information Services,Senior Machine Learning AI System Analyst,Ipswich,MA,data_science,2
c0620,ru_IMH,Impac Mortgage,Software Development Manager,Irvine,CA,computer_science,2
c0621,ru_INO,Inovio Pharmaceuticals,Sr Clinical Scientist,Plymouth Meeting,PA,data_science,2
c0622,ru_INSM,Insmed,Associate Scientist,Bridgewater,NJ,data_science,2
c0623,ru_INWK,Innerworkings,Project Manager,Irvine,CA,mba,2
c0624,ru_IQV,Iqvia,Data Scientist,Plymouth Meeting,PA,data_science,2
c0625,ru_IR,Ingersoll-Rand,Software Engineer,Minneapolis,MN,computer_science,2
c0626,ru_IRBT,Irobot,Software Robotics Scientist,Bedford,MA,data_science,2
c0627,ru_JACK,Jack In The Box,Associate Product Marketing Manager,San Diego,CA,mba,2
c0628,ru_JELD,Jeld-Wen,Marketing Project Manager,Charlotte,NC,mba,2
c0629,ru_KALU,Kaiser Aluminum,VP of Financial - Planning and Analysis,Foothill Ranch,CA,mba_finance,2
c0630,ru_KEM,Kemet,Technical Product Manager,Simpsonville,SC,mba,2
c0631,ru_KEYW,Keyw,Data Scientist,Hanover,MD,data_science,2
c0632,ru_KN,Knowles,Civil Engineering Project Manager,Delmont,PA,mba,2
c0633,ru_KRC,Kilroy Realty,IT Project Manager and Business Systems Analyst,Los Angeles,CA,mba,2
c0634,ru_KWR,Quaker Chemical,IT Project Manager,Conshohocken,PA,mba,2
c0635,ru_LC,Lendingclub,Principal Data Scientist,San Francisco,CA,data_science,2
c0636,ru_LCI,Lannett,Contract Manufacturing Program Manager,Philadelphia,PA,mba,2
c0637,ru_LCUT,Lifetime Brands,Assistant Product Manager Cutlery,Garden City,NY,mba,2
c0638,ru_LFGR,Leaf,Manager - Engineering - Media Product & Engineering,Los Angeles,CA,computer_science,2
c0639,ru_LHCG,LHC,Revenue Cycle - Insurance Financial Intake Verification Specialist - - MD,Frederick,MD,mba_finance,2
c0640,ru_LL,Lumber Liquidators,Analyst - Store Operations - Toano/ - VA,Richmond,VA,mba_analyst,2
c0641,ru_LMAT,Lemaitre Vascular,Consolidation Manager - Finance,Burlington,MA,mba_finance,2
c0642,ru_LMNX,Luminex,Development & Applications Scientist - US,Austin,TX,data_science,2
c0643,ru_LNN,Lindsay,Development and Marketing Project Manager,Walnut Creek,CA,mba,2
c0644,ru_LNTH,Lantheus,Finance Manager,North Billerica,MA,mba_finance,2
c0645,ru_LRN,K12,Private Pay Sr Manager - Business Analytics,Herndon,VA,mba_finance,2
c0646,ru_LULU,Lululemon Athletica,Senior Project Manager,Seattle,WA,mba,2
c0647,ru_LW,Lamb Weston,Sr Project Manager,Eagle,ID,mba,2
c0648,ru_MATW,Matthews,Sr Software Engineer,Cincinnati,OH,computer_science,2
c0649,ru_MBII,Marrone Bio Innovations,Associate Research Scientist - Bioprocess Technology,Davis,CA,data_science,2
c0650,ru_MBIN,Merchants Bank,Business Intelligence Analyst,Daleville,IN,mba_finance,2
c0651,ru_MCS,Marcus,Assistant Research Specialist,Cleveland,OH,data_science,2
c0652,ru_MDCO,Medicines,Senior Research Associate,Cambridge,MA,data_science,2
c0653,ru_MDP,Meredith,Data Engineer,Los Angeles,CA,data_science,2
c0654,ru_MED,Medifast,FP&A Analyst,Baltimore,MD,mba_finance,2
c0655,ru_MGI,Moneygram,Senior Software Engineer,Saint Louis Park,MN,computer_science,2
c0656,ru_MLR,Miller Industries,Project Manager,Fenton,MI,mba,2
c0657,ru_MOD,Modine Manufacturing,Product Cost Analyst,Racine,WI,mba_finance,2
c0658,ru_MOS,Mosaic Company,Senior Sourcing Analyst,Lithia,FL,mba_finance,2
c0659,ru_MRCY,Mercury Systems,Software Engineer,Oxnard,CA,computer_science,2
c0660,ru_MSG,Madison Square Garden,Senior Program Manager,San Francisco,CA,mba,2
c0661,ru_MSL,Midsouth Bank,Commercial Credit Analyst,Lafayette,LA,mba_finance,2
c0662,ru_MTCH,Match,Clinical Research Associate I,Minneapolis,MN,data_science,2
c0663,ru_MTN,Vail Resorts,Senior Analyst Corporate FP&A,Broomfield,CO,mba_finance,2
c0664,ru_MTRN,Materion,Sourcing Analyst - Procurement,Mayfield Heights,OH,mba_analyst,2
c0665,ru_MTSC,Mts Systems,Sr Software Engineer,Eden Prairie,MN,computer_science,2
c0666,ru_MYL,Mylan,Logistics Analyst,Greensboro,NC,mba_finance,2
c0667,ru_MYRG,MYR,Project Manager,Chino,CA,mba,2
c0668,ru_NANO,Nanometrics,Senior Software Engineer,Bend,OR,computer_science,2
c0669,ru_NBIX,Neurocrine Biosciences,IT Systems Analyst,San Diego,CA,mba_finance,2
c0670,ru_NCLH,Norwegian Cruise Line,Project Manager IT Newbuild & Dry Dock,Miami,FL,mba,2
c0671,ru_NE,Noble,Investor Relations Analyst,Houston,TX,mba_finance,2
c0672,ru_NEO,Neogenomics,Variant Scientist,Fort Myers,FL,data_science,2
c0673,ru_NGVT,Ingevity,Sourcing Analyst - Wood Procurement,Wickliffe,KY,mba_analyst,2
c0674,ru_NLS,Nautilus,Senior Software Engineer/Technical Lead,Irving,TX,computer_science,2
c0675,ru_NMRK,Newmark,Project Manager,East Hartford,CT,mba,2
c0676,ru_NNI,Nelnet,IT Software Engineer - NET,Lincoln,NE,computer_science,2
c0677,ru_NUVA,Nuvasive,Sr Associate Product Manager - TL Fixation,San Diego,CA,mba,2
c0678,ru_NVTA,Invitae,Clinical Laboratory Scientist,San Francisco,CA,data_science,2
c0679,ru_NWE,Northwestern,Associate Data Engineer,Milwaukee,WI,data_science,2
c0680,ru_NWPX,Northwest Pipe,Project Manager,Saginaw,TX,mba,2
c0681,ru_NWY,New York & Company,Compensation Analyst,New York,NY,mba_finance,2
c0682,ru_NXPI,Nxp Semiconductors,Director - Program Management,San Jose,CA,mba,2
c0683,ru_O,Realty Income,Investment Analyst Rotation Program,San Diego,CA,mba_finance,2
c0684,ru_OCN,Ocwen Financial,Analyst - Tax Services,Mount Laurel,NJ,mba_finance,2
c0685,ru_OPTN,Optinose,Director - Information Technology - Finance & Tech Operations,Yardley,PA,mba_finance,2
c0686,ru_ORN,Orion,Project Manager,Chicago,IL,mba,2
c0687,ru_OTTR,Otter Tail,Financial Reporting Analyst,Fergus Falls,MN,mba_finance,2
c0688,ru_PBPB,Potbelly,Senior Director - Finance,Chicago,IL,mba_finance,2
c0689,ru_PEBO,Peoples Bank,Loan Portfolio Business Analyst,Marietta,OH,mba_analyst,2
c0690,ru_PFSW,Pfsweb,Email Marketing Senior Analyst,Allen,TX,mba_analyst,2
c0691,ru_PGRE,Paramount,Financial Analyst,Memphis,TN,mba_finance,2
c0692,ru_PINC,Premier,Software Developer,Knoxville,TN,computer_science,2
c0693,ru_PKG,Packaging Corporation of America,Sr Audit Analyst,Lake Forest,IL,mba_analyst,2
c0694,ru_PLNT,Planet Fitness,Business Analyst,Salem,NH,mba_finance,2
c0695,ru_PNC,Pnc Financial,Software Developer,Pittsburgh,PA,computer_science,2
c0696,ru_PODD,Insulet,iOS Software Developer,San Diego,CA,computer_science,2
c0697,ru_PQG,PQ,North American Finance Manager,Malvern,PA,mba_finance,2
c0698,ru_PRAA,PRA,Software Engineer,Richmond,VA,computer_science,2
c0699,ru_PRGO,Perrigo,Sr Financial Analyst,Allegan,MI,mba_finance,2
c0700,ru_PRIM,Primoris,Finance Director - Transmission and Substation,McKinney,TX,mba_finance,2
c0701,ru_QDEL,Quidel,Senior Scientist,San Diego,CA,data_science,2
c0702,ru_QES,Quintana Energy Services,District Financial Accountant,Odessa,TX,mba_finance,2
c0703,ru_QHC,Quorum Health,Supply Chain Financial Analyst,Brentwood,TN,mba_finance,2
c0704,ru_QSII,Quality Systems,Business Systems Analyst - Investments,Minneapolis-Saint Paul,MN,mba_finance,2
c0705,ru_QTRX,Quanterix,Clinical Research Associate - Lab Services,Billerica,MA,data_science,2
c0706,ru_RARX,Ra Pharmaceuticals,Associate Director - Program Management,Cambridge,MA,mba,2
c0707,ru_RCKT,Rocket Pharmaceuticals,Senior Scientist - Nonclinical/Preclinical,New York,NY,data_science,2
c0708,ru_RCL,Royal Caribbean Cruises,Lead - Data Scientist,Miami,FL,data_science,2
c0709,ru_RDFN,Redfin,Senior Financial Analyst,Seattle,WA,mba_finance,2
c0710,ru_RDI,Reading,Medical Lab Scientist,West Reading,PA,data_science,2
c0711,ru_RDN,Radian,Senior Security Compliance Analyst,Philadelphia,PA,mba_finance,2
c0712,ru_RE,Everest Re,Software Developer,Liberty Corner,NJ,computer_science,2
c0713,ru_REVG,REV,Benefits Analyst,Brookfield,WI,mba_finance,2
c0714,ru_RGR,Sturm Ruger & Company,Project Manager MGD,Mayodan,NC,mba,2
c0715,ru_RIG,Transocean,Contracts & Proposals Analyst,Houston,TX,mba_finance,2
c0716,ru_RLI,RLI,Senior Business Analyst,Peoria,IL,mba_finance,2
c0717,ru_RMAX,Re/Max,Jr Accountant / Jr Analyst,Arvada,CO,mba_finance,2
c0718,ru_ROG,Rogers,IT Internal Controls Analyst II,Chandler,AZ,mba_finance,2
c0719,ru_ROL,Rollins,Program Manager,Winter Park,FL,mba,2
c0720,ru_RTEC,Rudolph Technologies,Senior C Software Developer,Snoqualmie,WA,computer_science,2
c0721,ru_S,Sprint,Data Scientist III,Overland Park,KS,data_science,2
c0722,ru_SAFT,Safety Insurance,Associate Business Systems Analyst,Boston,MA,mba_finance,2
c0723,ru_SBNY,Signature Bank,Director of the Project Management Office - VP,New York,NY,mba,2
c0724,ru_SITE,Siteone Landscape Supply,Area Business Manager,Tampa,FL,mba,2
c0725,ru_SLB,Schlumberger,DATA SCIENTIST,Houston,TX,data_science,2
c0726,ru_SMMF,Summit Financial,Financial Planning Analyst,Parsippany,NJ,mba_finance,2
c0727,ru_SNBR,Sleep Number,Data Scientist,San Jose,CA,data_science,2
c0728,ru_SNDR,Schneider National,Business Systems & Reporting Analyst - Payroll,Green Bay,WI,mba_finance,2
c0729,ru_SONC,Sonic,Finance Manager,Houston,TX,mba_finance,2
c0730,ru_SP,Sp Plus,Manager - Product Management,Nashville,TN,mba,2
c0731,ru_SPG,Simon Property,Leasing Support Analyst,Indianapolis,IN,mba_finance,2
c0732,ru_SPOK,Spok,Software Engineering Manager,Eden Prairie,MN,computer_science,2
c0733,ru_SREV,Servicesource,Project Manager - Operations,Washington,DC,mba,2
c0734,ru_SRNE,Sorrento Therapeutics,Sr Scientist / Scientist,San Diego,CA,data_science,2
c0735,ru_SRPT,Sarepta Therapeutics,Project Manager - Alliance Management,Cambridge,MA,mba,2
c0736,ru_STE,Steris,Project Manager,Mentor,OH,mba,2
c0737,ru_STL,Sterling Bank,Compliance Analyst,Southfield,MI,mba_finance,2
c0738,ru_SURF,Surface Oncology,Manager - Financial Planning & Analysis,Cambridge,MA,mba_finance,2
c0739,ru_TBBK,Bancorp,Marketing Research & Business Development Analyst,Washington,DC,data_science,2
c0740,ru_TCS,The Container Store,Web Analyst,Coppell,TX,mba_analyst,2
c0741,ru_TECH,Bio-Techne,Advanced Research Associate - Enzymes,Minneapolis,MN,data_science,2
c0742,ru_TGI,Triumph,Process Development Software Engineer,Dallas,TX,computer_science,2
c0743,ru_THFF,First Financial,Software Engineer,Houston,TX,computer_science,2
c0744,ru_THG,Hanover Insurance,Sr Information Security Analyst,Worcester,MA,mba_analyst,2
c0745,ru_THRM,Gentherm,Senior Research Scientist,Northville,MI,data_science,2
c0746,ru_TISI,Team,Software Engineer,Farmington Hills,MI,computer_science,2
c0747,ru_TMST,Timkensteel,Sr Process Metallurgical QA Analyst Job,Canton,OH,mba_analyst,2
c0748,ru_TNAV,Telenav,Project Manager - Temporary,Santa Clara,CA,mba,2
c0749,ru_TNC,Tennant,Experienced Supply Chain Analyst Supervisor,Holland,MI,mba_finance,2
c0750,ru_TNDM,Tandem Diabetes Care,Embedded Software Engineer,San Diego,CA,computer_science,2
c0751,ru_TNET,Trinet,Sr Software Engineer,Fort Mill,SC,computer_science,2
c0752,ru_TRHC,Tabula Rasa Healthcare,Data Scientist,Moorestown,NJ,data_science,2
c0753,ru_TRMK,Trustmark,Wealth Management Relationship & Business Manager,Jackson,MS,mba,2
c0754,ru_TRTN,Triton,Python Developer Needed,Torrance,CA,computer_science,2
c0755,ru_TTOO,T2 Biosystems,Senior Software Engineer,Lexington,MA,computer_science,2
c0756,ru_TWNK,Hostess Brands,IT Warehouse Business Analyst,Kansas City,MO,mba_finance,2
c0757,ru_UDR,UDR,Computer Systems Analyst,Highlands Ranch,CO,mba_analyst,2
c0758,ru_UFCS,United Fire,Sr Data Engineer,Cedar Rapids,IA,data_science,2
c0759,ru_UMBF,Umb Financial,Info Security Risk Analyst Sr,Kansas City,MO,mba_finance,2
c0760,ru_UMRX,Unum Therapeutics,Scientist II/Senior Scientist - Translational Medicine,Cambridge,MA,data_science,2
c0761,ru_UNH,Unitedhealth,Data Scientist,San Juan,PR,data_science,2
c0762,ru_UNM,Unum,Scientist II/Senior Scientist - Translational Medicine,Cambridge,MA,data_science,2
c0763,ru_UNT,Unit,Clinical Research Coordinator,Denver,CO,data_science,2
c0764,ru_UPL,Ultra Petroleum,Operations Analyst,Englewood,CO,mba_analyst,2
c0765,ru_USNA,Usana Health Sciences,Senior IT Project Manager,Salt Lake City,UT,mba,2
c0766,ru_UTHR,United Therapeutics,Associate Scientist/Scientist - Tissue Engineering,Research Triangle Park,NC,data_science,2
c0767,ru_VCRA,Vocera Communications,Reporting and Accounting Analyst,San Jose,CA,mba_finance,2
c0768,ru_VEC,Vectrus,SQL Engineer,Wichita,KS,computer_science,2
c0769,ru_VG,Vonage,Manager SDET - Software Eng in Test,San Francisco,CA,computer_science,2
c0770,ru_VGR,Vector,Java Software Developer,Cincinnati,OH,computer_science,2
c0771,ru_VICI,Vici Properties,Senior Finance Analyst,Las Vegas,NV,mba_finance,2
c0772,ru_VREX,Varex Imaging,Project Manager,Las Vegas,NV,mba,2
c0773,ru_VRTX,Vertex Pharmaceuticals,Scientist Formulation Development,Boston,MA,data_science,2
c0774,ru_VSEC,VSE,Program Manager,Albany,GA,mba,2
c0775,ru_WAB,Wabtec,SQL Server Database Administrator,Wilmerding,PA,computer_science,2
c0776,ru_WAGE,Wageworks,Software Engineer,Irving,TX,computer_science,2
c0777,ru_WAIR,Wesco Aircraft,Project Manager II,Roanoke,TX,mba,2
c0778,ru_WCG,Wellcare,Data Scientist - Sr,Tampa,FL,data_science,2
c0779,ru_WDR,Waddell and Reed,Compliance Analyst - Compliance Policy,Overland Park,KS,mba_finance,2
c0780,ru_WEC,Wec Energy,IT Applications Analyst,Milwaukee,WI,mba_analyst,2
c0781,ru_WH,Wyndham Hotels & Resorts,Senior Director - FP&A,Parsippany,NJ,mba_finance,2
c0782,ru_WING,Wingstop,Financial Analyst,Dallas,TX,mba_finance,2
c0783,ru_WLDN,Willdan,Energy Project Manager,Charlotte,NC,mba,2
c0784,ru_WMB,Williams Companies,Liaison Project Manager,Wysox,PA,mba,2
c0785,ru_WRLD,World Acceptance,Jr Software Developer,Greenville,SC,computer_science,2
c0786,ru_WST,West Pharmaceutical,Project Manager - I&T,Scottsdale,AZ,mba,2
c0787,ru_WTTR,Select Energy Services,Business Analyst,Houston,TX,mba_finance,2
c0788,ru_WTW,Weight Watchers,Director of Data Engineering,New York,NY,data_science,2
c0789,ru_WYND,Wyndham Destinations,Procurement Accounts Payable Analyst,Orlando,FL,mba_finance,2
c0790,ru_XL,XL,Principal Scientist - Data Science & Engineering,Hartford,CT,data_science,2
c0791,ru_ZAYO,Zayo,OSP Project Manager,Linden,NJ,mba,2
c0792,ru_ZG,Zillow,Data Scientist - Zillow Offers,Seattle,WA,data_science,2
c0793,vault_111,KPMG,Sr Associate - Data Scientist,Dallas,TX,data_science,2
c0794,vault_118,Analysis Group,STUDY LEAD IMAGING CLINICAL RESEARCH,Philadelphia,PA,data_science,2
c0795,vault_13,Cleary Gottlieb Steen & Hamilton,HRIS Analyst,New York,NY,mba_finance,2
c0796,vault_138,The Chartis Group,Data Analyst,Chicago,IL,quant,2
c0797,vault_149,Vivaldi,Brand Analyst,New York,NY,mba_finance,2
c0798,vault_161,Lazard,Senior Business Analyst,New York,NY,mba_finance,2
c0799,vault_166,Cowen,Equity Research Associate,New York,NY,quant,2
c0800,vault_181,Macquarie Group,Credit Risk - Analyst,Houston,TX,mba_finance,2
c0801,vault_184,Oppenheimer & Co,Research Associate - Emerging Technology & Services,New York,NY,quant,2
c0802,vault_19,WilmerHale,Financial Analyst,Dayton,OH,mba_finance,2
c0803,vault_20,Ropes & Gray,Legal Project Manager,New York,NY,mba,2
c0804,vault_203,Deloitte,Finance Manager,Chicago,IL,mba_finance,2
c0805,vault_205,Grant Thornton,Analyst,Washington,DC,mba_finance,2
c0806,vault_208,Crowe,Healthcare Finance Consulting Manager,Chicago,IL,mba_finance,2
c0807,vault_210,Moss Adams,Outsourced Finance & Accounting Specialist,Tacoma,WA,mba_finance,2
c0808,vault_212,Dixon Hughes Goodman,SENIOR ANALYST - INVESTMENT BANKING,High Point,NC,mba_finance,2
c0809,vault_224,Sikich,Financial Planning & Analysis Analyst,Naperville,IL,mba_finance,2
c0810,vault_232,BKD,Transaction Advisory Services/Financial Due Diligence - Senior Manager,Indianapolis,IN,mba_finance,2
c0811,vault_245,Novogradac & Company,Junior Analyst,St. Louis,MO,mba_analyst,2
c0812,vault_249,Weaver,Septic & Excavation Project Management,Monte Vista,CO,mba,2
c0813,vault_30,Baker McKenzie,Legal Project Manager Lead,Tampa,FL,mba,2
c0814,vault_32,DLA Piper,Associate - NYC Leveraged Finance,New York,NY,mba_finance,2
c0815,vault_33,K&L Gates,Sr Desktop Support Analyst,San Francisco,CA,mba_finance,2
c0816,vault_38,Wilson Sonsini Goodrich & Rosati,Financial Analyst,Palo Alto,CA,mba_finance,2
c0817,vault_4,Latham & Watkins,Conflicts Reporting Analyst,Los Angeles,CA,mba_finance,2
c0818,vault_46,Winston & Strawn,Litigation Support Sr Project Manager,Washington,DC,mba,2
c0819,vault_48,Fried Frank Harris Shriver & Jacobson,Financial Systems Analyst,New York,NY,mba_finance,2
c0820,vault_80,Hunton Andrews Kurth,Structured Finance and Securitization Associate,New York,NY,mba_finance,2
c0821,vault_81,Katten Muchin Rosenman,Strategic Pricing Analyst,Washington,DC,mba_finance,2
c0822,vault_83,Seyfarth Shaw,Labor & Employment Associate - Organizational Strategy and Analytics Group,Chicago,IL,mba_analyst,2
c0823,vault_84,Pepper Hamilton,Senior Research Librarian,Philadelphia,PA,data_science,2
c0824,vault_85,Hughes Hubbard & Reed,Practice Support Project Manager,New York,NY,mba,2
c0825,vault_87,Fox Rothschild,E-Discovery Tech Project Manager,Philadelphia,PA,mba,2
c0826,vault_90,Drinker Biddle & Reath,Information Governance Analyst,Philadelphia,PA,mba_analyst,2
c0827,vault_91,Blank Rome,Practice Technology Project Manager,Los Angeles,CA,mba,2
c0828,vault_96,Ballard Spahr,Senior Financial Analyst,Philadelphia,PA,mba_finance,2
c0839,cnbc_36,Thinx,Financial Analyst,New York,NY,mba_finance,3
c0892,f1000_170,Performance Food Group,Accounts Payable Analyst - Customer Service,Denver,CO,mba_finance,3
c0893,f1000_171,PBF Energy,Sr Business Solutions Analyst - Finance,Parsippany,NJ,mba_finance,3
c0896,f1000_178,Omnicom Group,Senior Project Manager,Chicago,IL,mba,3
c0911,f1000_205,Texas Instruments,Software Engineer,Dallas,TX,computer_science,3
c0926,f1000_236,NGL Energy Partners,Shared Services Analyst,Denver,CO,mba_finance,3
c0933,f1000_246,Core-Mark,Financial Analyst - Sales & Marketing,Westlake,TX,mba_finance,3
c0948,f1000_278,United States Steel,Project Manager,Granite City,IL,mba,3
c0962,f1000_318,Avis Budget Group,Decision Scientist,Parsippany,NJ,data_science,3
c0967,f1000_333,Global Partners,Sr HRIS Analyst - Workday,Waltham,MA,mba_analyst,3
c0973,f1000_343,Anadarko Petroleum,Analytics and Data Science Supervisor - DJ Basin Subsurface & Technology,Denver,CO,data_science,3
c0988,f1000_371,Masco,Treasury services Analyst,Livonia,MI,mba_finance,3
c0990,f1000_373,LifePoint Health,Senior Business Intelligence Architect,Brentwood,TN,mba_analyst,3
c1018,f1000_438,Old Republic,Senior Programmer/Analyst,Brookfield,WI,mba_analyst,3
c1021,f1000_443,Avon Products,Toxicology Analyst/Clinical Scientist 1,Suffern,NY,data_science,3
c1028,f1000_456,UGI,Analyst II-Finance,Denver,PA,mba_finance,3
c1045,f1000_484,Windstream,Software Engineer I,Rochester,NY,computer_science,3
c1052,f1000_500,Northern Trust,Business Analyst,Chicago,IL,mba_finance,3
c1057,f1000_512,Tutor Perini,HVAC Project Managers,Mount Vernon,NY,mba,3
c1069,f1000_537,Envision Healthcare,VP IT Financial Ops,Nashville,TN,mba_finance,3
c1075,f1000_562,Select Medical,Clinical Research Scientist,Mechanicsburg,PA,data_science,3
c1077,f1000_565,USG,IT - Business Analyst,Chicago,IL,mba_finance,3
c1084,f1000_585,Swift Transportation,TRANSPORTATION ANALYST - MA,East Longmeadow,MA,mba_analyst,3
c1087,f1000_593,Flowers Foods,Reporting and Analytics Analyst,Thomasville,GA,mba_finance,3
c1098,f1000_613,Dentsply Sirona,Sales Operations Manager - - NC,Charlotte,NC,mba_analyst,3
c1106,f1000_628,Silgan,Project Manager II - Engineering,Breinigsville,PA,mba,3
c1112,f1000_646,ScanSource,Supplier Business Manager II,Greenville,SC,mba,3
c1122,f1000_669,Atmos Energy,Sr IT Project Manager,Dallas,TX,mba,3
c1134,f1000_695,Regal Entertainment Group,Project Manager - Theatre Maintenance & Repairs,Knoxville,TN,mba,3
c1147,f1000_722,Fossil Group,Connected Devices - Software Product Manager,Burlingame,CA,mba,3
c1148,f1000_725,MRC Global,Onsite Project Manager,Grand Prairie,TX,mba,3
c1152,f1000_740,B/E Aerospace,Program Manager,Bohemia,NY,mba,3
c1153,f1000_742,Cooper Tire & Rubber,Software Developer,Findlay,OH,computer_science,3
c1163,f1000_768,Sinclair Broadcast Group,Senior Software Development Engineer,Seattle,WA,computer_science,3
c1166,f1000_773,ArcBest,Compensation Analyst,Fort Smith,AR,mba_analyst,3
c1167,f1000_785,Verso,Logistics Analyst,Miamisburg,OH,mba_analyst,3
c1173,f1000_797,HCP,Manager - Financial Planning & Analysis,Irvine,CA,mba_finance,3
c1181,f1000_810,A. Schulman,Business Analyst,Akron,OH,mba_finance,3
c1182,f1000_817,Tops,Consumer Insights Analyst,Williamsville,NY,mba_analyst,3
c1189,f1000_829,ITT,Aerospace and Defense Product Manager,Orchard Park,NY,mba,3
c1198,f1000_856,MDC,Financial Coordinator,New York,NY,mba_finance,3
c1204,f1000_864,Selective Insurance Group,Insurance Operations Analyst,Branchville,NJ,mba_finance,3
c1219,f1000_895,Tribune Media,Digital Project Manager,Minneapolis,MN,mba,3
c1222,f1000_899,Teledyne Technologies,Senior Benefits Analyst,Thousand Oaks,CA,mba_finance,3
c1228,f1000_924,Consol Energy,Oracle OTBI Reporting Analyst,Canonsburg,PA,mba_finance,3
c1242,f1000_967,Finish Line,Construction Project Manager,Indianapolis,IN,mba,3
c1244,f1000_971,Murphy Oil,Sr Financial Analyst,Houston,TX,mba_finance,3
c1246,f1000_973,Par Pacific,Senior Financial Specialist,Kapolei,HI,mba_finance,3
c1254,f1000_985,ResMed,Sales Finance Analyst,San Diego,CA,mba_finance,3
c1258,f1000_997,Kaman,Temporary Technical Project Manager,Bloomfield,CT,mba,3
c1274,forbes_33,Looker,Senior Front-End Engineer - Application Framework,San Francisco Bay Area,CA,computer_science,3
c1278,forbes_39,PointClickCare,Senior Software Engineer,Bloomington,MN,computer_science,3
c1279,forbes_40,Sisense,Product Marketing Program Manager,New York,NY,mba,3
c1287,forbes_52,Segment,Field Marketing Manager - West,San Francisco,CA,mba_analyst,3
c1294,forbes_70,Health Catalyst,NLP Data Scientist,Boston,MA,data_science,3
c1296,forbes_85,Algolia,Head of Product Marketing,San Francisco,CA,mba_analyst,3
c1301,forbes_96,Endgame,Senior Software Engineer,Arlington,VA,computer_science,3
c1303,glassdoor_0,Heap,Software Engineer - Product,San Francisco,CA,computer_science,3
c1308,glassdoor_111,Paycom,Sr Financial Analyst,Oklahoma City,OK,mba_finance,3
c1311,glassdoor_125,Kimpton Hotels & Restaurants,Director of Finance - Goodland,Goleta,CA,mba_finance,3
c1312,glassdoor_13,New Western,Analytics and Reporting - Sr Analyst,Irving,TX,mba_analyst,3
c1316,glassdoor_145,Raising Cane's,Finance Manager,Plano,TX,mba_finance,3
c1320,glassdoor_16,Sundance Vacations,Web/Software Developer,Wilkes-Barre,PA,computer_science,3
c1323,glassdoor_23,Bombas,Analyst - Marketing & Product Analytics,New York,NY,mba_analyst,3
c1325,glassdoor_44,Moogsoft,Project Manager,Boston,MA,mba,3
c1326,glassdoor_48,eXp Realty,Real Estate Agent,Fort Collins,CO,stats,3
c1334,glassdoor_8,Highspot,Senior Product Marketing Manager - Customer Marketing,Seattle,WA,mba,3
c1336,glassdoor_84,Trilogy Health Services,Compensation Analyst,Louisville,KY,mba_finance,3
c1337,glassdoor_88,NIH,Research Scientist,Rockville,MD,data_science,3
c1344,hedge_57,Bracebridge Capital,Quantitative Investment Analyst,Boston,MA,quant,3
c1346,nasdaq_ACIW,ACI Worldwide,Sr Software Engineer,Omaha,NE,computer_science,3
c1352,nasdaq_ANET,Arista Networks,Software Product Manager - EOS,Santa Clara,CA,mba,3
c1359,nasdaq_ATU,Actuant,Compensation Analyst,Menomonee Falls,WI,mba_analyst,3
c1370,nasdaq_CAMP,CalAmp,Senior Program Manager,Eden Prairie,MN,mba,3
c1377,nasdaq_CHKP,Check Point Software Technologies,Software Engineer,San Carlos,CA,computer_science,3
c1378,nasdaq_CISN,Cision,Senior Project Manager,New York,NY,mba,3
c1381,nasdaq_CSIQ,Canadian Solar,Analyst - Asset Management,Walnut Creek,CA,mba_finance,3
c1388,nasdaq_EGAN,eGain,Software Developer - Java,Tampa,FL,computer_science,3
c1397,nasdaq_FORM,FormFactor,Compensation Analyst,Beaverton,OR,mba_finance,3
c1406,nasdaq_IMMR,Immersion,Senior Java Developer,Baltimore,MD,computer_science,3
c1407,nasdaq_INAP,Internap,Sr Finance Manager,Atlanta,GA,mba_finance,3
c1411,nasdaq_LASR,nLIGHT,Sr Financial Analyst,Vancouver,WA,mba_finance,3
c1419,nasdaq_MJCO,Majesco,Project Manager,Columbus,OH,mba,3
c1420,nasdaq_MODN,Model N,Senior Finance Manager FP&A - Revenue,San Mateo,CA,mba_finance,3
c1423,nasdaq_NATI,National Instruments,Software Engineer - Senior - Semiconductor Test Systems,Austin,TX,computer_science,3
c1426,nasdaq_NXGN,NextGen Healthcare,Software Engineer,Atlanta,GA,computer_science,3
c1429,nasdaq_OOMA,Ooma,Business Product Marketing Manager,Sunnyvale,CA,mba,3
c1431,nasdaq_PCTY,Paylocity,Data Engineer,Schaumburg,IL,data_science,3
c1432,nasdaq_PEGA,Pegasystems,Lead SOC Analyst,Reston,VA,mba_analyst,3
c1438,nasdaq_PRGS,Progress Software,Senior Project Manager,Norcross,GA,mba,3
c1440,nasdaq_QADA,QAD,Senior Financial Analyst,Santa Barbara,CA,mba_finance,3
c1442,nasdaq_QRHC,Quest Resource,Accounting Analyst,The Colony,TX,mba_finance,3
c1449,nasdaq_SMTX,SMTC,Program Manager,Fremont,CA,mba,3
c1454,nasdaq_SPXC,SPX,Project Manager,Waukesha,WI,mba,3
c1456,nasdaq_SSYS,Stratasys,Software Engineer,Boston,MA,computer_science,3
c1467,nasdaq_UPWK,Upwork,Senior Data Engineer,Mountain View,CA,data_science,3
c1470,nasdaq_WBT,Welbilt,Product Manager,New Port Richey,FL,mba,3
c1473,nasdaq_WYY,WidePoint,Project Manager,Columbus,OH,mba,3
c1474,nasdaq_XPER,Xperi,Product Manager - Driver Monitoring Systems,Troy,MI,mba,3
c1477,nasdaq_ZIXI,ZIX,Sr Support and Threat Analyst,Ann Arbor,MI,mba_analyst,3
c1483,ru_ADSW,Advanced Disposal,Business Analyst,Ponte Vedra,FL,mba_analyst,3
c1485,ru_ADUS,Addus Homecare,Senior Financial Analyst,Frisco,TX,mba_finance,3
c1486,ru_AERI,Aerie Pharmaceuticals,Sr Associate Scientist,Durham,NC,data_science,3
c1488,ru_AGLE,Aeglea Biotherapeutics,Market Research & Analytics Lead,Austin,TX,data_science,3
c1490,ru_AIR,AAR,Program Manager,Rockford,IL,mba,3
c1493,ru_AKCA,Akcea Therapeutics,Associate Director - Regulatory Program Manager,Cambridge,MA,mba,3
c1494,ru_ALDX,Aldeyra Therapeutics,Clinical Scientist,Lexington,MA,data_science,3
c1495,ru_ALEX,Alexander & Baldwin,Financial Reporting Analyst,Honolulu,HI,mba_finance,3
c1498,ru_AMR,Alta Mesa Resources,Treasury Analyst,Houston,TX,mba_finance,3
c1500,ru_AMRS,Amyris,Program Manager/Executive Assistant,Emeryville,CA,mba,3
c1504,ru_AOBC,American Outdoor Brands,Marketing Analyst,Springfield,MA,mba_finance,3
c1507,ru_ARAY,Accuray,Product Development Program Manager,Madison,WI,mba,3
c1510,ru_ASNA,Ascena Retail,ATG Senior Analyst,Pataskala,OH,mba_analyst,3
c1513,ru_ATHX,Athersys,Associate Scientist - Pharmaceutical/Biotech,Cleveland,OH,data_science,3
c1515,ru_ATNX,Athenex,Clinical Pharmacology Data Scientist,Cranford,NJ,data_science,3
c1523,ru_BDN,Brandywine Realty Trust,Sr Project Manager/ Project Manager,Radnor,PA,mba,3
c1525,ru_BELFB,Bel Fuse,Signal Transformer - Product Manager,Inwood,NY,mba,3
c1526,ru_BKE,Buckle,IT - Software Developer,Kearney,NE,computer_science,3
c1528,ru_BLBD,Blue Bird,IT - Business Analyst Human Resources Information Systems,Macon,GA,mba_analyst,3
c1529,ru_BLCM,Bellicum Pharmaceuticals,Clinical Scientist/ Senior Clinical Scientist,San Francisco,CA,data_science,3
c1534,ru_BRKR,Bruker,Sales Applications Scientist /Tribology ,San Jose,CA,data_science,3
c1538,ru_CARO,Carolina Financial,Initial Disclosures Analyst,Washington,NC,mba_finance,3
c1539,ru_CBZ,Cbiz,Forensic and Financial Services Group Sr Manager,Plymouth Meeting,PA,mba_finance,3
c1541,ru_CCF,Chase,Finance Analyst - Internal Audit,Westwood,MA,mba_finance,3
c1544,ru_CHDN,Churchill Downs,Digital Project Manager,Louisville,KY,mba,3
c1549,ru_CLW,Clearwater Paper,Accountant II - Financial Reporting,Spokane,WA,mba_finance,3
c1550,ru_CLXT,Calyxt,Research Scientist in Trait Analysis,Minneapolis-Saint Paul,MN,data_science,3
c1553,ru_CNSL,Consolidated Communications,Project Manager,Edina,MN,mba,3
c1554,ru_CNX,Cnx Resources,Senior Analyst - IS&T,Canonsburg,PA,mba_finance,3
c1557,ru_COKE,Coca Cola Bottling,Red Classic - Project Manager II,Charlotte,NC,mba,3
c1562,ru_CRVL,Corvel,Senior Software Engineer,Portland,OR,computer_science,3
c1563,ru_CRVS,Corvus Pharmaceuticals,Senior Clinical Project Manager,Burlingame,CA,mba,3
c1565,ru_CSTE,Caesarstone,Oracle ERP Business Applications Analyst,Charlotte,NC,mba_finance,3
c1569,ru_CTRL,Control4,Software Engineer - Test Automation - Network Solutions,Austin,TX,computer_science,3
c1573,ru_CVON,Convergeone,Desk Project Manager,Atlanta,GA,mba,3
c1574,ru_CWBR,Cohbar,Scientist/Senior Scientist Drug Discovery,Menlo Park,CA,data_science,3
c1577,ru_DOOR,Masonite,Product Manager,Tampa,FL,mba,3
c1579,ru_DOVA,Dova Pharmaceuticals,Sr Territory Business Manager ,Milwaukee,WI,mba,3
c1581,ru_DXPE,Dxp Enterprises,Cost / Operations Analyst,Houston,TX,mba_finance,3
c1582,ru_EAF,Graftech,Sr Tax Analyst,Independence,OH,mba_analyst,3
c1584,ru_EBTC,Enterprise Bank,Commercial Loan Review Analyst,Allison Park,PA,mba_finance,3
c1585,ru_EDIT,Editas Medicine,Scientist/Principal Research Associate Neuroscience,Cambridge,MA,data_science,3
c1587,ru_EGRX,Eagle Pharmaceuticals,Associate Scientist - Analytical Development,Cambridge,MA,data_science,3
c1589,ru_ENSG,Ensign,Sr Health and Welfare Benefit Analyst,Mission Viejo,CA,mba_finance,3
c1596,ru_ETSY,Etsy,Data Scientist - Inference,San Francisco,CA,data_science,3
c1603,ru_FFIN,First Financial Bankshares,Project Manager,Abilene,TX,mba,3
c1606,ru_FIZZ,National Beverage,Jr Financial Analyst,Plantation,FL,mba_finance,3
c1608,ru_FLNT,Fluent,Software Developer,New York,NY,computer_science,3
c1616,ru_FRO,Frontline,Technical Project Manager,Winter Park,FL,mba,3
c1617,ru_FRTA,Forterra,Program Manager - Communications,Seattle,WA,mba,3
c1618,ru_FTSI,FTS,Senior HRIS Analyst,Fort Worth,TX,mba_analyst,3
c1619,ru_FTV,Fortive,Data Science Software Engineer,Pittsburgh,PA,computer_science,3
c1620,ru_FUNC,First United,Program Manager - Inua Partners In Hope,Winter Park,FL,mba,3
c1623,ru_GNTX,Gentex,Product Manager,Rancho Cucamonga,CA,mba,3
c1628,ru_GTLS,Chart Industries,Product Manager,Canton,GA,mba,3
c1634,ru_HEAR,Turtle Beach,Audio Software Engineer,San Diego,CA,computer_science,3
c1635,ru_HEES,H&E Equipment Services,IT Business Analyst,Baton Rouge,LA,mba_finance,3
c1636,ru_HEI.A,Heico,Software Engineering Manager,Hillsboro,OR,computer_science,3
c1637,ru_HIBB,Hibbett Sports,Senior Programmer Analyst - AS400,Birmingham,AL,mba_analyst,3
c1639,ru_HLNE,Hamilton Lane,Analyst - Client Services,Philadelphia,PA,mba_finance,3
c1640,ru_HOG,Harley Davidson,Finance Manager,Colorado Springs,CO,mba_finance,3
c1642,ru_HR,Healthcare Realty Trust,Regional Project Manager,Seattle,WA,mba,3
c1643,ru_HRTX,Heron Therapeutics,In-house Clinical Research Associate,San Diego,CA,data_science,3
c1646,ru_HWKN,Hawkins,Assistant Project Manager,Deer Park,NY,mba,3
c1648,ru_ICBK,County Bank,Credit Analyst,Santa Cruz,CA,mba_finance,3
c1650,ru_IIN,Intricon,Project Manager,Vadnais Heights,MN,mba,3
c1651,ru_IMAX,Imax,Business Analyst - IT,Los Angeles,CA,mba_analyst,3
c1653,ru_INFN,Infinera,Finance Manager / Controller,Sunnyvale,CA,mba_finance,3
c1654,ru_INN,Summit Hotel Properties,Construction Project Manager,Austin,TX,mba,3
c1655,ru_INSY,Insys Therapeutics,Stability Scientist I,Chandler,AZ,data_science,3
c1657,ru_INVH,Invitation Homes,Project Manager - Rehab & Turn,Scottsdale,AZ,mba,3
c1659,ru_IOVA,Iovance Biotherapeutics,Director/Senior Director - Biostatistics,San Carlos,CA,stats,3
c1661,ru_ITG,Investment Technology,Quantitative Finance Analyst 2019,Cinnaminson,NJ,mba_finance,3
c1662,ru_ITGR,Integer,Leadership Development Program Manager,Plano,TX,mba,3
c1663,ru_IVC,Invacare,Sourcing Project Manager,Elyria,OH,mba,3
c1665,ru_KIM,Kimco Realty,Financial Analyst,Charlotte,NC,mba_finance,3
c1667,ru_KO,Coca Cola,Finance Manager,Dallas,TX,mba_finance,3
c1669,ru_KRA,Kraton,Project Manager I,Panama City,FL,mba,3
c1671,ru_LFUS,Littelfuse,Senior Program Manager - Global Quality Management System,Chicago,IL,mba,3
c1673,ru_LOW,Lowes,Software Engineer,Mooresville,NC,computer_science,3
c1677,ru_M,Macys,Intimate Apparel Ambassador,Willow Grove,PA,mba,3
c1680,ru_MBIO,Mustang Bio,Princiapal/Senior Scientist Translational and Correlative Sciences,Worcester,MA,data_science,3
c1683,ru_MDXG,Mimedx,Health Policy Analyst,Marietta,GA,mba_analyst,3
c1684,ru_MEET,The Meet,Product Manager - Growlr,Philadelphia,PA,mba,3
c1686,ru_MHO,M/I Homes,Land Project Manager,Sarasota,FL,mba,3
c1691,ru_MNKD,Mannkind,Territory Business Manager,Greensboro,NC,mba,3
c1694,ru_MO,Altria,Senior Analyst - Advanced Analytics,Richmond,VA,mba_analyst,3
c1696,ru_MRTX,Mirati Therapeutics,Sr Manager/Associate Director - Statistical Programming,San Diego,CA,stats,3
c1697,ru_MSA,Msa Safety,SAP PMM Analyst,Cranberry Township,PA,mba_analyst,3
c1700,ru_MTEM,Molecular Templates,Research Associate - Cell Biology,Austin,TX,data_science,3
c1702,ru_MTW,Manitowoc,Product Manager,New Port Richey,FL,mba,3
c1704,ru_NAVG,Navigators,Mid-Level Software Developer,Colorado Springs,CO,computer_science,3
c1709,ru_NEOG,Neogen,Research Technician,Lansing,MI,data_science,3
c1710,ru_NFBK,Northfield Bank,NB818 - Senior Securities Analyst,Woodbridge,NJ,mba_finance,3
c1712,ru_NK,Nantkwest,Sr Scientist,San Diego,CA,data_science,3
c1714,ru_NMIH,NMI,Software Engineer,Roselle,IL,computer_science,3
c1715,ru_NODK,NI,Family Services Program Manager - Full Time,Smith River,CA,mba,3
c1721,ru_NVCR,Novocure,Senior Analyst - Financial Planning & Analysis,Malvern,PA,mba_finance,3
c1722,ru_NVRO,Nevro,Sr Business Systems Analyst - ERP Systems,Redwood City,CA,mba_finance,3
c1723,ru_NWLI,National Western Life,Software Developer,Austin,TX,computer_science,3
c1726,ru_OFC,Corporate Office Properties,Project Manager Interior Construction,Huntsville,AL,mba,3
c1729,ru_OIS,Oil States,Product Manager,Arlington,TX,mba,3
c1730,ru_OMC,Omnicom,Senior Project Manager,Chicago,IL,mba,3
c1735,ru_ORBC,Orbcomm,Java Developer / Release and Deployment Manager,Salt Lake City,UT,computer_science,3
c1736,ru_OUT,Outfront Media,Financial Analyst,New York,NY,mba_finance,3
c1738,ru_PCH,Potlatchdeltic,Senior Real Estate Accountant,Spokane,WA,stats,3
c1739,ru_PEGI,Pattern Energy,Treasury Analyst,San Francisco,CA,mba_finance,3
c1740,ru_PFGC,Performance Food,Accounts Payable Analyst - PO Invoicing,Centennial,CO,mba_finance,3
c1746,ru_PRGX,Prgx Global,Business Information Analyst,Atlanta,GA,mba_finance,3
c1751,ru_RBNC,Reliant Bank,Project Manager & Systems Administrator,Franklin,TN,mba,3
c1753,ru_RDNT,Radnet,Senior HRIS and Financial Applications Analyst,Los Angeles,CA,mba_finance,3
c1755,ru_REG,Regency Centers,Sr Financial Analyst,Los Angeles,CA,mba_finance,3
c1757,ru_RGEN,Repligen,Project Manager - Systems,Waltham,MA,mba,3
c1759,ru_RHP,Ryman Hospitality Properties,Sr Financial Analyst - Financial Planning & Analysis,Nashville,TN,mba_finance,3
c1760,ru_RLH,Red Lion Hotels,Vince Lombardi's Steakhouse - Host,Appleton,WI,mba,3
c1762,ru_RMTI,Rockwell Medical,Territory Business Manager,Wixom,MI,mba,3
c1764,ru_ROSE,Rosehill Resources,Financial Reporting Analyst,Houston,TX,mba_finance,3
c1765,ru_RRC,Range Resources,Energy Marketing Analyst,Fort Worth,TX,mba_finance,3
c1773,ru_SBAC,Sba Communications,Corporate Finance and Investor Relations Analyst,Boca Raton,FL,mba_finance,3
c1774,ru_SBGI,Sinclair Broadcast,Senior Software Development Engineer,Seattle,WA,computer_science,3
c1775,ru_SBOW,Silverbow Resources,Financial Analyst III,Houston,TX,mba_finance,3
c1777,ru_SCL,Stepan,Sr Project Manager,Northbrook,IL,mba,3
c1778,ru_SELB,Selecta Biosciences,FP&A Manager,Watertown,MA,mba_finance,3
c1783,ru_SIG,Signet Jewelers,Inventory Control Sr Analyst,Akron,OH,mba_analyst,3
c1784,ru_SIGI,Selective Insurance,Insurance Operations Analyst,Branchville,NJ,mba_finance,3
c1788,ru_SM,Sm Energy,Sr Lease Records Analyst,Denver,CO,mba_analyst,3
c1789,ru_SND,Smart Sand,Project Manager,Oakdale,WI,mba,3
c1791,ru_SPKE,Spark Energy,Pricing Analyst I,Houston,TX,mba_finance,3
c1792,ru_SPPI,Spectrum Pharmaceuticals,Sr Clinical Research Associate,Irvine,CA,data_science,3
c1793,ru_SPRO,Spero Therapeutics,Senior/Principal Process Development Scientist,Cambridge,MA,data_science,3
c1795,ru_SRCE,1St Source,IT Security Analyst,South Bend,IN,mba_finance,3
c1797,ru_SSB,South State,BSA AML Analyst,Columbia,SC,mba_analyst,3
c1798,ru_ST,Sensata Technologies,Program Manager,Carpinteria,CA,mba,3
c1800,ru_STAY,Extended Stay America,Accounts Receivable Analyst I-400415,Charlotte,NC,mba_finance,3
c1802,ru_STRL,Sterling Construction,Project Manager - Foundation Drilling,Houston,TX,mba,3
c1803,ru_SUI,Sun Communities,IT Systems Analyst,Southfield,MI,mba_finance,3
c1804,ru_SXT,Sensient Technologies,Finance Analyst Senior - United States - Natural Ingredients N America,Turlock,CA,mba_finance,3
c1805,ru_SYBT,Stock Yards Bank,ACH WIRE ANALYST,Louisville,KY,mba_finance,3
c1810,ru_TIVO,Tivo,Senior Finance Manager - Corporate Finance,San Jose,CA,mba_finance,3
c1812,ru_TLGT,Teligent,Senior Research Scientist - Product Development,Buena,NJ,data_science,3
c1813,ru_TMP,Tompkins Financial,Compensation Analyst,Ithaca,NY,mba_finance,3
c1819,ru_TRUP,Trupanion,Senior Software Engineer,Seattle,WA,computer_science,3
c1821,ru_TTGT,Techtarget,Software Engineer,Newton,MA,computer_science,3
c1825,ru_USAK,Usa Truck,Senior Programmer Analyst,Van Buren,AR,mba_analyst,3
c1826,ru_VBTX,Veritex,Credit Compliance Analyst,Houston,TX,mba_finance,3
c1829,ru_VRAY,Viewray,Software Engineer,Mountain View,CA,computer_science,3
c1831,ru_VSM,Versum Materials,SENIOR RESEARCH SCIENTIST - ENGINEER,Tempe,AZ,data_science,3
c1834,ru_WABC,Westamerica Bank,Senior Financial Analyst,Fairfield,CA,mba_finance,3
c1837,ru_WEB,Web.com,IT Project Manager,Jacksonville,FL,mba,3
c1840,ru_WGO,Winnebago Industries,Senior Financial Analyst - Operations,Eden Prairie,MN,mba_analyst,3
c1841,ru_WHD,Cactus,PRODUCT SALES PROGRAM MANAGER,Phoenix,AZ,mba,3
c1845,ru_WNEB,Western New England,Associate Director of Prospect Research and Management,Springfield,MA,data_science,3
c1846,ru_WSBC,Wesbanco,FIU Analyst - Fraud & BSA,Wheeling,WV,mba_finance,3
c1848,ru_XELA,Exela Technologies,SQL Administrator,Redmond,WA,computer_science,3
c1852,ru_ZOM,Zomedica Pharmaceuticals,Scientific Affairs Manager,Ann Arbor,MI,stats,3
c1861,vault_129,Simon-Kucher & Partners,Financial Services Software Engineer,New York,NY,computer_science,3
c1862,vault_132,Trinity Partners,Senior Consultant - Primary Market Research,Waltham,MA,data_science,3
c1863,vault_134,Ignyte Group,Data Engineer,Washington,DC,data_science,3
c1866,vault_141,Censeo Consulting Group,Data Analyst,Crystal City,VA,quant,3
c1871,vault_17,Debevoise & Plimpton,Senior Financial Analyst,New York,NY,mba_finance,3
c1875,vault_177,Qatalyst Partners,2020 Investment Banking Analyst,San Francisco,CA,mba_finance,3
c1876,vault_18,White & Case,Conflicts Analyst,Tampa,FL,mba_analyst,3
c1878,vault_188,Nomura,Corporate Real Estate Services - Project Manager,New York,NY,mba,3
c1886,vault_216,Brown Smith Wallace,Staff or Senior - Data Analyst - Advisory,St. Louis,MO,mba_analyst,3
c1888,vault_221,BPM,Support Analyst II,San Francisco,CA,mba_analyst,3
c1889,vault_23,Morrison & Foerster,Business Development Manager - Energy - Project Finance - Impact Investing,San Francisco,CA,mba_finance,3
c1892,vault_26,Cooley,Automotive Finance Manager,Rensselaer,NY,mba_finance,3
c1893,vault_40,Shearman & Sterling,Financial Systems Analyst,New York,NY,mba_finance,3
c1894,vault_42,King & Spalding,Director of Finance,Atlanta,GA,mba_finance,3
c1896,vault_52,Greenberg Traurig,Senior Financial Analyst,Doral,FL,mba_finance,3
c1897,vault_56,McDermott Will & Emery,Business Analyst,Chicago,IL,mba_finance,3
c1899,vault_68,Crowell & Moring,Financial Analyst,Washington,DC,mba_finance,3
c1900,vault_69,Fish & Richardson,Financial Systems Business Analyst & Project Manager,Minneapolis,MN,mba,3
c1901,vault_70,Venable,Senior Analyst - Research & Competitive Intelligence,Washington,DC,stats,3
c1902,vault_75,Sheppard Mullin Richter & Hampton,Senior Systems Engineer,Los Angeles,CA,mba_finance,3
c1903,vault_78,Fenwick & West,Business Development Analyst,Mountain View,CA,mba_analyst,3
c1904,vault_79,Arent Fox,Practice Support Senior Analyst,San Francisco,CA,mba_analyst,3
c1905,vault_9,Paul Weiss Rifkind Wharton & Garrison,E-Discovery Project Manager - DC Office,Washington,DC,mba,3
c1906,vault_93,Davis Wright Tremaine,Senior Practice Support Analyst,Seattle,WA,mba_analyst,3
c1907,cnbc_48,GitHub,Senior Business Systems Analyst,San Francisco,CA,mba_analyst,4
c1911,f1000_206,Lincoln Financial,"Sr. Analyst, Quantitative Modeling and Analytics",Philadelphia,PA,quant,4
c1913,f1000_308,Eastman Chemical,IT Project Manager,Kingsport,TN,mba_analyst,4
c1914,f1000_345,J.M. Smucker,"Lead Data Scientist, Category Analytics & Systems",Orrville,OH,data_science,4
c1916,f1000_415,Dr Pepper Snapple Group,Senior Financial Analyst - FP&A,Burlington,MA,mba_finance,4
c1917,f1000_535,Marathon Oil,Sr. IT Business Analyst,Houston,TX,mba_analyst,4
c1925,ru_BMRN,BioMarin,Sr Manager - FP&A,San Rafael,CA,mba_finance,4
c1937,vault_150,Cornerstone Research,Associate,San Francisco,CA,mba_finance,4
c1938,ru_CW,Curtiss Wright,Program Manager,Gilbert,AZ,mba,5
c1939,vault_251,Doeren Mayhew,Analyst,Troy,MI,mba_finance,5
